liver cancer;CFH
liver cancer;TMEM176A
liver cancer;NDUFAB1
liver cancer;SLC25A13
liver cancer;PON1
liver cancer;KDM7A
liver cancer;FMO3
liver cancer;SS18L2
liver cancer;MPND
liver cancer;MGST1
liver cancer;IL32
liver cancer;RPS20
liver cancer;MASP2
liver cancer;IYD
liver cancer;UQCRC1
liver cancer;SLC6A13
liver cancer;ZRANB1
liver cancer;CPS1
liver cancer;HSD17B6
liver cancer;OTC
liver cancer;C6
liver cancer;AP2S1
liver cancer;CP
liver cancer;NOP16
liver cancer;USE1
liver cancer;PHPT1
liver cancer;ITIH4
liver cancer;ITIH1
liver cancer;F7
liver cancer;DNAJC25
liver cancer;ACAA1
liver cancer;RPL18
liver cancer;ISOC2
liver cancer;HAGH
liver cancer;ST3GAL6
liver cancer;SLC9A3R2
liver cancer;NTHL1
liver cancer;ZMYND12
liver cancer;ISOC1
liver cancer;ACSM2B
liver cancer;ABCC9
liver cancer;MAOB
liver cancer;RORA
liver cancer;LIMS2
liver cancer;HSD17B10
liver cancer;ST6GAL1
liver cancer;MRPS34
liver cancer;ACAT1
liver cancer;FMO4
liver cancer;ACACB
liver cancer;IL4R
liver cancer;AFM
liver cancer;PGM1
liver cancer;CPB2
liver cancer;CDC14B
liver cancer;COBLL1
liver cancer;BCKDHB
liver cancer;SLC27A5
liver cancer;APOB
liver cancer;MGST2
liver cancer;FTL
liver cancer;L2HGDH
liver cancer;F11
liver cancer;PEBP1
liver cancer;BLVRB
liver cancer;NDUFB2
liver cancer;FETUB
liver cancer;THPO
liver cancer;PITPNM2
liver cancer;ABCC6
liver cancer;CMTM6
liver cancer;TF
liver cancer;APOH
liver cancer;CRAT
liver cancer;OCEL1
liver cancer;HSD3B7
liver cancer;SERPIND1
liver cancer;SEC14L2
liver cancer;UPB1
liver cancer;SLC25A1
liver cancer;HSCB
liver cancer;TXN2
liver cancer;GSTZ1
liver cancer;SLC10A1
liver cancer;SERPINA4
liver cancer;MTHFD1
liver cancer;PCK2
liver cancer;DCAF11
liver cancer;EMC9
liver cancer;SEC23A
liver cancer;PGRMC1
liver cancer;ATP11C
liver cancer;PIN4
liver cancer;FNDC3A
liver cancer;SLC25A15
liver cancer;VWA8
liver cancer;DHRS12
liver cancer;LONP2
liver cancer;DHODH
liver cancer;MLYCD
liver cancer;FAM173A
liver cancer;SALL1
liver cancer;QPRT
liver cancer;AQP9
liver cancer;FAH
liver cancer;DNAJC17
liver cancer;DECR1
liver cancer;FGL1
liver cancer;ECH1
liver cancer;PEX11G
liver cancer;PTOV1
liver cancer;POLR2I
liver cancer;RPS19
liver cancer;ETFB
liver cancer;SULT2A1
liver cancer;TMEM205
liver cancer;WDR83OS
liver cancer;GCDH
liver cancer;ETV2
liver cancer;HPN
liver cancer;PON3
liver cancer;CPED1
liver cancer;HIBADH
liver cancer;TFR2
liver cancer;ZNHIT1
liver cancer;RARRES2
liver cancer;TMEM176B
liver cancer;PSMA2
liver cancer;SLC1A1
liver cancer;SEC61B
liver cancer;C5
liver cancer;AMBP
liver cancer;EDF1
liver cancer;PHYH
liver cancer;LHPP
liver cancer;PBLD
liver cancer;PNPO
liver cancer;MRPL27
liver cancer;HLF
liver cancer;VTN
liver cancer;UGT2B10
liver cancer;RPL34
liver cancer;ANXA10
liver cancer;AADAT
liver cancer;HGFAC
liver cancer;FAM149A
liver cancer;HPX
liver cancer;APOA5
liver cancer;APOC3
liver cancer;SLC1A2
liver cancer;SLC22A18
liver cancer;DAO
liver cancer;SLC6A12
liver cancer;DUSP16
liver cancer;ALDH2
liver cancer;GYS2
liver cancer;COX6A1
liver cancer;MAN1A1
liver cancer;ALDH5A1
liver cancer;CUTA
liver cancer;MRPL2
liver cancer;COX7A2
liver cancer;GHR
liver cancer;NNT
liver cancer;AGXT2
liver cancer;C9
liver cancer;SEC24A
liver cancer;CPEB4
liver cancer;EHHADH
liver cancer;HRG
liver cancer;HGD
liver cancer;FAM162A
liver cancer;PCCB
liver cancer;HYAL1
liver cancer;RPL24
liver cancer;ABHD14B
liver cancer;STEAP3
liver cancer;REEP6
liver cancer;RPS15
liver cancer;NDUFS7
liver cancer;HSPE1
liver cancer;PROC
liver cancer;RMDN2
liver cancer;PCYOX1
liver cancer;EPAS1
liver cancer;SCP2
liver cancer;LAMTOR2
liver cancer;PRG4
liver cancer;SLC35D1
liver cancer;MRPS15
liver cancer;KMO
liver cancer;ACADM
liver cancer;SDHB
liver cancer;CTBS
liver cancer;HMGCL
liver cancer;SERPINC1
liver cancer;SLC35A3
liver cancer;NENF
liver cancer;PROX1
liver cancer;MARC2
liver cancer;APOA1
liver cancer;TTR
liver cancer;ALDH8A1
liver cancer;UCHL3
liver cancer;HDHD3
liver cancer;HSDL2
liver cancer;IFT43
liver cancer;ALDH6A1
liver cancer;GOT1
liver cancer;RCL1
liver cancer;ENY2
liver cancer;SIL1
liver cancer;ADRA1A
liver cancer;EPHX2
liver cancer;ECHDC2
liver cancer;KCNJ8
liver cancer;CAT
liver cancer;PQLC1
liver cancer;EBPL
liver cancer;ATP7B
liver cancer;PFDN5
liver cancer;SARDH
liver cancer;NDUFAF4
liver cancer;C4BPB
liver cancer;PCK1
liver cancer;MCEE
liver cancer;RAB17
liver cancer;C16orf70
liver cancer;GOT2
liver cancer;CLYBL
liver cancer;NDUFA1
liver cancer;CHCHD5
liver cancer;ALKBH7
liver cancer;CLPP
liver cancer;C3
liver cancer;FOXA2
liver cancer;MRPS26
liver cancer;ROMO1
liver cancer;TMEM53
liver cancer;F10
liver cancer;COX6B1
liver cancer;PRDX5
liver cancer;COX7C
liver cancer;UQCR11
liver cancer;ECHS1
liver cancer;POR
liver cancer;DGCR6L
liver cancer;SDF2L1
liver cancer;MPST
liver cancer;TST
liver cancer;DNAJB9
liver cancer;MYO1B
liver cancer;CGNL1
liver cancer;IVD
liver cancer;MPDU1
liver cancer;CDO1
liver cancer;LBP
liver cancer;GAMT
liver cancer;SAT1
liver cancer;APOE
liver cancer;APOC1
liver cancer;RPL36
liver cancer;SCO2
liver cancer;CYP2E1
liver cancer;CHMP2A
liver cancer;TMEM160
liver cancer;RGN
liver cancer;COX4I1
liver cancer;COX7B
liver cancer;RPL27
liver cancer;NDUFA2
liver cancer;FMO5
liver cancer;MCCC2
liver cancer;GCH1
liver cancer;RAMP1
liver cancer;SERPINF1
liver cancer;SEC61G
liver cancer;APCS
liver cancer;DMGDH
liver cancer;BHMT2
liver cancer;PEMT
liver cancer;MACROD1
liver cancer;ATP13A3
liver cancer;HSD17B4
liver cancer;EDEM1
liver cancer;HMGCS2
liver cancer;CFHR4
liver cancer;ECHDC3
liver cancer;SLCO1B1
liver cancer;TIMM10
liver cancer;TMED7
liver cancer;SDS
liver cancer;GLS2
liver cancer;RDH5
liver cancer;BLOC1S1
liver cancer;PRADC1
liver cancer;CYP27A1
liver cancer;COX5B
liver cancer;SLC41A2
liver cancer;RPL13AP25
liver cancer;CCM2
liver cancer;MTHFS
liver cancer;TACO1
liver cancer;SLC31A1
liver cancer;ALDOB
liver cancer;BAAT
liver cancer;RABEPK
liver cancer;RPL35
liver cancer;GRHPR
liver cancer;HINT2
liver cancer;UQCC2
liver cancer;SLCO2B1
liver cancer;TTPA
liver cancer;SORL1
liver cancer;RPLP1
liver cancer;GCHFR
liver cancer;RPL7P9
liver cancer;DBT
liver cancer;KHK
liver cancer;CYP2C8
liver cancer;RBP4
liver cancer;PLA2G12B
liver cancer;RPS24
liver cancer;AOX1
liver cancer;COX17
liver cancer;SHF
liver cancer;LARP1B
liver cancer;ENPEP
liver cancer;HADH
liver cancer;MTTP
liver cancer;C1RL
liver cancer;RBP5
liver cancer;SLC38A4
liver cancer;SNRPF
liver cancer;SDSL
liver cancer;MMAB
liver cancer;SLC46A3
liver cancer;SUOX
liver cancer;RDH16
liver cancer;SERPINA10
liver cancer;SLC25A47
liver cancer;SORD
liver cancer;SERF2
liver cancer;SLC27A2
liver cancer;COMMD4
liver cancer;PCSK6
liver cancer;ABHD2
liver cancer;ARMC5
liver cancer;NDUFB10
liver cancer;ABCA8
liver cancer;SLC13A5
liver cancer;SAT2
liver cancer;ANAPC11
liver cancer;SOD1
liver cancer;TM4SF5
liver cancer;PSMB6
liver cancer;NOSIP
liver cancer;ZNF593
liver cancer;ALDH9A1
liver cancer;NR1I3
liver cancer;MRPL24
liver cancer;RORC
liver cancer;SELENBP1
liver cancer;GUK1
liver cancer;EPHX1
liver cancer;ETNK2
liver cancer;ABCG8
liver cancer;UBR3
liver cancer;RPL32
liver cancer;NR1I2
liver cancer;ALDH1L1
liver cancer;AMT
liver cancer;MANF
liver cancer;GC
liver cancer;PYURF
liver cancer;SETD7
liver cancer;CBR4
liver cancer;NDUFS6
liver cancer;SRD5A1
liver cancer;RPL37
liver cancer;PIK3R1
liver cancer;IQGAP2
liver cancer;LECT2
liver cancer;HIGD2A
liver cancer;MUT
liver cancer;CYP39A1
liver cancer;AIG1
liver cancer;EGFR
liver cancer;MDH2
liver cancer;NDUFB11
liver cancer;EBP
liver cancer;ADHFE1
liver cancer;MRPS28
liver cancer;DPYS
liver cancer;NDUFB9
liver cancer;NAPRT
liver cancer;IDNK
liver cancer;ALAD
liver cancer;SURF1
liver cancer;SURF2
liver cancer;MSRB2
liver cancer;A1CF
liver cancer;FUOM
liver cancer;GSTO1
liver cancer;SAA4
liver cancer;GLYAT
liver cancer;SERPING1
liver cancer;FAU
liver cancer;TM7SF2
liver cancer;TMEM219
liver cancer;SEC24D
liver cancer;MAT1A
liver cancer;NDUFC2
liver cancer;QDPR
liver cancer;MMAA
liver cancer;ACSL1
liver cancer;TMEM56
liver cancer;MZT2B
liver cancer;PDE3B
liver cancer;NADK2
liver cancer;SAR1B
liver cancer;PANK1
liver cancer;ACMSD
liver cancer;RMND5A
liver cancer;ABCA6
liver cancer;MIA3
liver cancer;NAT2
liver cancer;SLC28A1
liver cancer;UQCRB
liver cancer;RPL30
liver cancer;FRRS1
liver cancer;SLC6A1
liver cancer;CPT2
liver cancer;DHRS4
liver cancer;DHRS1
liver cancer;HPD
liver cancer;XDH
liver cancer;ZFAND2B
liver cancer;DUSP23
liver cancer;PINK1
liver cancer;APOA2
liver cancer;PTMS
liver cancer;C1R
liver cancer;ALDH4A1
liver cancer;UROC1
liver cancer;GNE
liver cancer;NR2F6
liver cancer;LRRC3
liver cancer;FTCD
liver cancer;PMF1
liver cancer;CCDC12
liver cancer;AZGP1
liver cancer;FGFR4
liver cancer;VPS28
liver cancer;PPP1R16A
liver cancer;RPL8
liver cancer;PGLYRP2
liver cancer;BDH1
liver cancer;ACOX1
liver cancer;ASGR2
liver cancer;PPP1R32
liver cancer;RPL29
liver cancer;ITIH3
liver cancer;CYP4A22
liver cancer;ZYG11B
liver cancer;AKR7A3
liver cancer;DHRS3
liver cancer;HAAO
liver cancer;MRPL55
liver cancer;PEX13
liver cancer;PDLIM5
liver cancer;PMVK
liver cancer;FABP1
liver cancer;COX18
liver cancer;ALB
liver cancer;SMIM14
liver cancer;SNRK
liver cancer;RTP3
liver cancer;KLF15
liver cancer;SLC9B2
liver cancer;TEX264
liver cancer;ETNPPL
liver cancer;CMBL
liver cancer;KLKB1
liver cancer;UQCRQ
liver cancer;SFXN1
liver cancer;RPS14
liver cancer;ALDH7A1
liver cancer;COX6C
liver cancer;RPP25L
liver cancer;ABCA1
liver cancer;FBP1
liver cancer;CFL2
liver cancer;MBL2
liver cancer;RPL36AL
liver cancer;PRDX3
liver cancer;PRAP1
liver cancer;NDUFB8
liver cancer;ASPG
liver cancer;PCBD1
liver cancer;C2
liver cancer;MOGAT2
liver cancer;NNMT
liver cancer;LDHD
liver cancer;GLYATL1
liver cancer;COQ4
liver cancer;ACAA2
liver cancer;VKORC1
liver cancer;GPX4
liver cancer;RPL13
liver cancer;GPD1
liver cancer;ZNF444
liver cancer;MFSD3
liver cancer;GPT
liver cancer;SERPINF2
liver cancer;CYB5D2
liver cancer;ECI1
liver cancer;SAC3D1
liver cancer;GLYCTK
liver cancer;SMIM4
liver cancer;ACOX2
liver cancer;NDUFS5
liver cancer;TMEM208
liver cancer;IRS1
liver cancer;AR
liver cancer;NSMCE1
liver cancer;ADRB2
liver cancer;GJB1
liver cancer;RFNG
liver cancer;DCXR
liver cancer;TAPT1
liver cancer;REPS2
liver cancer;SF3B5
liver cancer;USP38
liver cancer;STX8
liver cancer;SMAD1
liver cancer;MGMT
liver cancer;CD14
liver cancer;ACYP2
liver cancer;RPS9
liver cancer;NDUFA3
liver cancer;RBKS
liver cancer;SCAND1
liver cancer;UGT2B7
liver cancer;LRG1
liver cancer;NAT1
liver cancer;ZNF524
liver cancer;MCC
liver cancer;ETFDH
liver cancer;FGG
liver cancer;FGA
liver cancer;FGB
liver cancer;PAH
liver cancer;RPS21
liver cancer;RPS7
liver cancer;CYP4F11
liver cancer;CEBPB
liver cancer;SUCLG2
liver cancer;STARD5
liver cancer;TTC36
liver cancer;FGGY
liver cancer;CHCHD1
liver cancer;MRPL52
liver cancer;RPL38
liver cancer;RNASEH2C
liver cancer;ADH6
liver cancer;MRPL57
liver cancer;RHOD
liver cancer;COMMD1
liver cancer;ZBTB21
liver cancer;PPP1R3B
liver cancer;PPP1R14B
liver cancer;FKBP2
liver cancer;MST1
liver cancer;PC
liver cancer;CCS
liver cancer;KLHL15
liver cancer;GOLT1A
liver cancer;NDUFA11
liver cancer;C19orf70
liver cancer;CA5A
liver cancer;ZG16
liver cancer;SLC22A1
liver cancer;INHBC
liver cancer;APOF
liver cancer;CLTB
liver cancer;SUGCT
liver cancer;AURKAIP1
liver cancer;MSRA
liver cancer;SWI5
liver cancer;COX8A
liver cancer;DNAJC30
liver cancer;SPRYD4
liver cancer;RNF152
liver cancer;BOK
liver cancer;PXMP2
liver cancer;C8G
liver cancer;SHMT1
liver cancer;ATOX1
liver cancer;RPLP2
liver cancer;POLR2L
liver cancer;NDUFV2
liver cancer;COX14
liver cancer;SLC25A20
liver cancer;EXOSC4
liver cancer;DPM3
liver cancer;GADD45GIP1
liver cancer;PIPOX
liver cancer;SEPHS2
liver cancer;PPP1R14BP3
liver cancer;F2
liver cancer;TIGD2
liver cancer;CYP8B1
liver cancer;NRIP1
liver cancer;CHST13
liver cancer;MRPL14
liver cancer;DHTKD1
liver cancer;ACBD4
liver cancer;COA4
liver cancer;MRPL41
liver cancer;TP53TG1
liver cancer;ARL6IP4
liver cancer;GLTPD2
liver cancer;ADI1
liver cancer;RPS17
liver cancer;COL18A1
liver cancer;RPL35A
liver cancer;SLC25A18
liver cancer;C11orf54
liver cancer;NAA38
liver cancer;ABAT
liver cancer;SLC25A10
liver cancer;SMDT1
liver cancer;PLGLB1
liver cancer;ACSM5
liver cancer;MRPL54
liver cancer;NDUFB1
liver cancer;ACSM2A
liver cancer;COA3
liver cancer;UQCR10
liver cancer;OAF
liver cancer;HIST2H2AC
liver cancer;TXNRD2
liver cancer;PROS1
liver cancer;IFITM2
liver cancer;METTL7A
liver cancer;MRPL40
liver cancer;PCYT2
liver cancer;THNSL1
liver cancer;NDUFA13
liver cancer;CYP4F2
liver cancer;SOWAHB
liver cancer;INSIG1
liver cancer;CYP4F3
liver cancer;TMPRSS6
liver cancer;CYP4A11
liver cancer;RPS19BP1
liver cancer;ENTPD5
liver cancer;AGMO
liver cancer;DHRS4L2
liver cancer;ADH1A
liver cancer;TMEM220
liver cancer;SERPINA5
liver cancer;DPYD
liver cancer;RPL14
liver cancer;ACADSB
liver cancer;PIK3R4
liver cancer;MYL6B
liver cancer;ADH1B
liver cancer;SULT1A2
liver cancer;CH17-340M24.3
liver cancer;SERPINA1
liver cancer;IL27
liver cancer;DDI2
liver cancer;PELI1
liver cancer;MAP3K5
liver cancer;OGDHL
liver cancer;GSTK1
liver cancer;SLC2A10
liver cancer;RPS26
liver cancer;RPL37A
liver cancer;ADH4
liver cancer;HIBCH
liver cancer;ZNF770
liver cancer;UBL5
liver cancer;ZNF511
liver cancer;LPA
liver cancer;MT-ND6
liver cancer;MT-CO2
liver cancer;ECI2
liver cancer;MT-CYB
liver cancer;SMOC1
liver cancer;F5
liver cancer;MSRB1
liver cancer;MT-ND2
liver cancer;MT-ND5
liver cancer;MT-CO1
liver cancer;ZNF358
liver cancer;MT-ND3
liver cancer;MT-ND4
liver cancer;MT-ATP6
liver cancer;RPL39
liver cancer;APRT
liver cancer;CCDC167
liver cancer;MT-CO3
liver cancer;MFAP3L
liver cancer;TCEA3
liver cancer;HSD17B8
liver cancer;CSNK2B
liver cancer;APOM
liver cancer;ASPDH
liver cancer;UQCC3
liver cancer;DKFZp779M0652
liver cancer;PSENEN
liver cancer;LGR4
liver cancer;CFI
liver cancer;TMEM256
liver cancer;MT-ND4L
liver cancer;EEF1B2P6
liver cancer;LCAT
liver cancer;GBP7
liver cancer;C8orf82
liver cancer;NDUFS3
liver cancer;RPS29
liver cancer;TM6SF2
liver cancer;MRPL23
liver cancer;FIS1
liver cancer;ANG
liver cancer;STARD10
liver cancer;GCGR
liver cancer;RPL21P28
liver cancer;C19orf73
liver cancer;UBA52
liver cancer;BX842568.2
liver cancer;RPS20P14
liver cancer;APOC4-APOC2
liver cancer;RPL10AP6
liver cancer;MT-ATP8
liver cancer;RALY-AS1
liver cancer;ORM2
liver cancer;C19orf24
liver cancer;OST4
liver cancer;ORM1
liver cancer;PET100
liver cancer;AC079922.2
liver cancer;TMA7
liver cancer;RPL3P4
liver cancer;RPS28
liver cancer;RPL13AP20
liver cancer;RPL24P2
liver cancer;BX842568.1
liver cancer;GS1-124K5.4
liver cancer;PLCXD2
liver cancer;CD302
liver cancer;DECR2
liver cancer;EIF4EBP3
liver cancer;CFB
liver cancer;GSTA1
liver cancer;ABHD14A
liver cancer;LINC01018
liver cancer;CHCHD10
liver cancer;PRODH2
liver cancer;LINC01485
liver cancer;SNHG9
liver cancer;CYP2A6
liver cancer;APOPT1
liver cancer;HP
liver cancer;INAFM1
liver cancer;CNPY2
liver cancer;RNASE4
liver cancer;LINC00261
liver cancer;TGFBR3L
liver cancer;HSPB9
liver cancer;MRPL12
liver cancer;FXYD1
liver cancer;NDUFA7
liver cancer;MAGIX
liver cancer;YTHDF3-AS1
liver cancer;LINC01023
liver cancer;PSMB3
liver cancer;CISD3
liver cancer;LINC01348
liver cancer;hsa-mir-100
liver cancer;hsa-mir-101-1
liver cancer;hsa-mir-101-2
liver cancer;hsa-mir-10a
liver cancer;hsa-mir-10b
liver cancer;hsa-mir-125b-1
liver cancer;hsa-mir-125b-2
liver cancer;hsa-mir-126
liver cancer;hsa-mir-1295b
liver cancer;hsa-mir-1307
liver cancer;hsa-mir-139
liver cancer;hsa-mir-140
liver cancer;hsa-mir-142
liver cancer;hsa-mir-143
liver cancer;hsa-mir-146b
liver cancer;hsa-mir-17
liver cancer;hsa-mir-182
liver cancer;hsa-mir-192
liver cancer;hsa-mir-194-1
liver cancer;hsa-mir-194-2
liver cancer;hsa-mir-199a-1
liver cancer;hsa-mir-199a-2
liver cancer;hsa-mir-199b
liver cancer;hsa-mir-210
liver cancer;hsa-mir-22
liver cancer;hsa-mir-23a
liver cancer;hsa-mir-23b
liver cancer;hsa-mir-24-1
liver cancer;hsa-mir-25
liver cancer;hsa-mir-26a-1
liver cancer;hsa-mir-26a-2
liver cancer;hsa-mir-26b
liver cancer;hsa-mir-28
liver cancer;hsa-mir-29c
liver cancer;hsa-mir-30a
liver cancer;hsa-mir-30d
liver cancer;hsa-mir-30e
liver cancer;hsa-mir-375
liver cancer;hsa-mir-379
liver cancer;hsa-mir-455
liver cancer;hsa-mir-483
liver cancer;hsa-mir-532
liver cancer;hsa-mir-5588
liver cancer;hsa-mir-675
liver cancer;hsa-mir-6815
liver cancer;hsa-mir-885
liver cancer;hsa-mir-93
liver cancer;hsa-mir-99a
liver cancer;hsa-mir-99b
liver cancer;hsa-let-7a-1
liver cancer;hsa-let-7a-2
liver cancer;hsa-let-7a-3
liver cancer;hsa-let-7b
liver cancer;hsa-let-7c
liver cancer;hsa-let-7e
liver cancer;hsa-let-7f-1
liver cancer;hsa-let-7f-2
