prostate cancer;NFYA
prostate cancer;ENPP4
prostate cancer;SEMA3F
prostate cancer;ANKIB1
prostate cancer;KRIT1
prostate cancer;BAD
prostate cancer;M6PR
prostate cancer;ICA1
prostate cancer;ALS2
prostate cancer;ARF5
prostate cancer;FKBP4
prostate cancer;CAMKK1
prostate cancer;RECQL
prostate cancer;NDUFAB1
prostate cancer;SLC25A13
prostate cancer;ST7
prostate cancer;CDC27
prostate cancer;DVL2
prostate cancer;HOXA11
prostate cancer;POLR2J
prostate cancer;FAM214B
prostate cancer;COPZ2
prostate cancer;CREBBP
prostate cancer;KMT2E
prostate cancer;RHBDD2
prostate cancer;MYCBP2
prostate cancer;LAMP2
prostate cancer;SPATA20
prostate cancer;BAIAP2L1
prostate cancer;AGK
prostate cancer;COX10
prostate cancer;PNPLA4
prostate cancer;CCDC124
prostate cancer;TRAPPC6A
prostate cancer;CACNA2D2
prostate cancer;TSR3
prostate cancer;PIGQ
prostate cancer;DNAJC11
prostate cancer;PSMB1
prostate cancer;CYB561
prostate cancer;SPAG9
prostate cancer;AASS
prostate cancer;SS18L2
prostate cancer;MPND
prostate cancer;RPS20
prostate cancer;UBE3C
prostate cancer;REV3L
prostate cancer;DYRK4
prostate cancer;ZNF207
prostate cancer;IDS
prostate cancer;LYPLA2
prostate cancer;ABHD5
prostate cancer;TTC19
prostate cancer;PIK3C2A
prostate cancer;WIZ
prostate cancer;QPCTL
prostate cancer;MAP4K3
prostate cancer;ERCC1
prostate cancer;MBTPS2
prostate cancer;SLC25A39
prostate cancer;POLR3B
prostate cancer;TACC3
prostate cancer;UFL1
prostate cancer;ACPP
prostate cancer;SLC30A9
prostate cancer;YAF2
prostate cancer;ZMYND11
prostate cancer;BID
prostate cancer;ATP2C1
prostate cancer;RALBP1
prostate cancer;WWTR1
prostate cancer;PRDM11
prostate cancer;AQR
prostate cancer;FHL1
prostate cancer;GRAMD1B
prostate cancer;NDUFS1
prostate cancer;RB1CC1
prostate cancer;DEF6
prostate cancer;PLEKHO1
prostate cancer;UBR2
prostate cancer;EHD2
prostate cancer;PHF20
prostate cancer;NCAPH2
prostate cancer;SEC63
prostate cancer;RNASET2
prostate cancer;B4GALT7
prostate cancer;VRK2
prostate cancer;SLC39A9
prostate cancer;RABEP1
prostate cancer;NUP160
prostate cancer;GRN
prostate cancer;ARID4A
prostate cancer;ALG1
prostate cancer;FAM136A
prostate cancer;VCL
prostate cancer;NSMAF
prostate cancer;TBC1D23
prostate cancer;CUL3
prostate cancer;RPL26L1
prostate cancer;FBXO42
prostate cancer;MFAP3
prostate cancer;METTL1
prostate cancer;EDC4
prostate cancer;ZFYVE16
prostate cancer;PNKP
prostate cancer;PQLC2
prostate cancer;CTNS
prostate cancer;INPP4A
prostate cancer;PSMA4
prostate cancer;THAP3
prostate cancer;AIFM2
prostate cancer;AP2S1
prostate cancer;POLR2B
prostate cancer;FAM214A
prostate cancer;WWC3
prostate cancer;GOPC
prostate cancer;NOP16
prostate cancer;ZNF800
prostate cancer;SNX29
prostate cancer;LMO3
prostate cancer;RSF1
prostate cancer;CELF2
prostate cancer;FAM120A
prostate cancer;EPN3
prostate cancer;MAPK9
prostate cancer;HEBP2
prostate cancer;SIKE1
prostate cancer;MRTO4
prostate cancer;KCNQ1
prostate cancer;PHPT1
prostate cancer;ARID4B
prostate cancer;TBC1D22A
prostate cancer;FAM168A
prostate cancer;KCNH2
prostate cancer;TAB2
prostate cancer;EIF2AK2
prostate cancer;ZFR
prostate cancer;ZNF280C
prostate cancer;TRAF3IP2
prostate cancer;PKP2
prostate cancer;CDK14
prostate cancer;PPP1R12A
prostate cancer;ATP2B4
prostate cancer;ZC3H11A
prostate cancer;YIPF1
prostate cancer;CDK17
prostate cancer;PIGV
prostate cancer;ACAA1
prostate cancer;SPAG4
prostate cancer;NCKAP1
prostate cancer;MRPS24
prostate cancer;ELMO2
prostate cancer;APPBP2
prostate cancer;RPL18
prostate cancer;CA11
prostate cancer;ISOC2
prostate cancer;EPN1
prostate cancer;ZNF275
prostate cancer;HAGH
prostate cancer;TAF2
prostate cancer;TNPO3
prostate cancer;RFXANK
prostate cancer;TMEM161A
prostate cancer;ABCA7
prostate cancer;BCAS1
prostate cancer;HMG20B
prostate cancer;ANKS1A
prostate cancer;SLC9A3R2
prostate cancer;NTHL1
prostate cancer;UHRF1BP1
prostate cancer;GNAI3
prostate cancer;IPO5
prostate cancer;OAT
prostate cancer;PKN2
prostate cancer;WDR18
prostate cancer;SPEN
prostate cancer;MYLK
prostate cancer;TLE2
prostate cancer;FAM107B
prostate cancer;ME1
prostate cancer;CDK13
prostate cancer;FOXJ2
prostate cancer;KDM4A
prostate cancer;ZMYND12
prostate cancer;ELOVL1
prostate cancer;ZNRD1
prostate cancer;ZBTB11
prostate cancer;GOLGA5
prostate cancer;ISOC1
prostate cancer;MSANTD3
prostate cancer;ATG2B
prostate cancer;NEO1
prostate cancer;CACNB1
prostate cancer;EVI5
prostate cancer;STOML1
prostate cancer;TP53BP1
prostate cancer;RRP15
prostate cancer;PRKCZ
prostate cancer;ROCK1
prostate cancer;HDAC4
prostate cancer;HEATR6
prostate cancer;TBC1D25
prostate cancer;ACSL4
prostate cancer;INPP5A
prostate cancer;LAPTM4A
prostate cancer;TTC7A
prostate cancer;SRBD1
prostate cancer;KIF2A
prostate cancer;SIRT2
prostate cancer;PYGM
prostate cancer;MAST4
prostate cancer;VPS35
prostate cancer;ABCC9
prostate cancer;MAOB
prostate cancer;TGFBR3
prostate cancer;LRP6
prostate cancer;SMG6
prostate cancer;EXOC5
prostate cancer;RNF126
prostate cancer;TCOF1
prostate cancer;RPL31
prostate cancer;SNX13
prostate cancer;SEL1L
prostate cancer;MBD3
prostate cancer;FAM50A
prostate cancer;RDH11
prostate cancer;ACTN1
prostate cancer;ZFYVE26
prostate cancer;PTPN18
prostate cancer;LNX1
prostate cancer;ALDH3A2
prostate cancer;AFF4
prostate cancer;UBE2D1
prostate cancer;MPP5
prostate cancer;RHOBTB1
prostate cancer;SMC1A
prostate cancer;HSD17B10
prostate cancer;MARK2
prostate cancer;ACADVL
prostate cancer;EVC
prostate cancer;DERL2
prostate cancer;PANX2
prostate cancer;LLGL2
prostate cancer;KDM5A
prostate cancer;FERMT2
prostate cancer;PTGS2
prostate cancer;PICALM
prostate cancer;CLASP1
prostate cancer;MRPS34
prostate cancer;MGLL
prostate cancer;DPP8
prostate cancer;ZZEF1
prostate cancer;MYDGF
prostate cancer;WSCD2
prostate cancer;SRI
prostate cancer;EIF4G3
prostate cancer;SLC25A40
prostate cancer;FRYL
prostate cancer;EXOSC7
prostate cancer;MLH1
prostate cancer;SLC46A1
prostate cancer;TPD52
prostate cancer;NT5C2
prostate cancer;CAMSAP3
prostate cancer;XAB2
prostate cancer;STXBP2
prostate cancer;PPP1R12B
prostate cancer;SNRPA
prostate cancer;EXOSC5
prostate cancer;DYNC1I2
prostate cancer;PIK3C3
prostate cancer;N4BP2
prostate cancer;MLLT10
prostate cancer;ITCH
prostate cancer;TP53INP2
prostate cancer;UBE2D4
prostate cancer;TNS1
prostate cancer;SENP1
prostate cancer;CIC
prostate cancer;PAFAH1B3
prostate cancer;PGM1
prostate cancer;EPB41L2
prostate cancer;STX7
prostate cancer;CRYBG3
prostate cancer;RIF1
prostate cancer;RAB21
prostate cancer;MID2
prostate cancer;SRCAP
prostate cancer;CNOT4
prostate cancer;PSEN1
prostate cancer;DLGAP4
prostate cancer;RSBN1
prostate cancer;EXD2
prostate cancer;ZNF510
prostate cancer;ZNF506
prostate cancer;JMJD4
prostate cancer;PGR
prostate cancer;ME2
prostate cancer;TRAF5
prostate cancer;ERC1
prostate cancer;XPO1
prostate cancer;RNF13
prostate cancer;KAT6A
prostate cancer;TNPO1
prostate cancer;DIS3
prostate cancer;ZNF671
prostate cancer;RPS5
prostate cancer;REST
prostate cancer;SSH1
prostate cancer;GSTP1
prostate cancer;APLP2
prostate cancer;ATRX
prostate cancer;SCAMP1
prostate cancer;HACE1
prostate cancer;WDR47
prostate cancer;WDFY1
prostate cancer;SLC25A24
prostate cancer;IGSF9
prostate cancer;AKR1B1
prostate cancer;TTC39A
prostate cancer;MGST2
prostate cancer;ATG16L1
prostate cancer;MAST2
prostate cancer;IPO11
prostate cancer;EPDR1
prostate cancer;MRPL28
prostate cancer;LAT2
prostate cancer;HUWE1
prostate cancer;MTMR2
prostate cancer;BAX
prostate cancer;LPCAT2
prostate cancer;GNAO1
prostate cancer;L2HGDH
prostate cancer;KLHL42
prostate cancer;DNM1L
prostate cancer;SULT2B1
prostate cancer;PTPN4
prostate cancer;DDX18
prostate cancer;EDEM2
prostate cancer;PDRG1
prostate cancer;DOCK9
prostate cancer;ATRN
prostate cancer;C20orf194
prostate cancer;EBF4
prostate cancer;XRN2
prostate cancer;TESC
prostate cancer;RPL6
prostate cancer;ESF1
prostate cancer;RBBP9
prostate cancer;SLC8B1
prostate cancer;RPLP0
prostate cancer;ERP29
prostate cancer;FXYD5
prostate cancer;FXYD3
prostate cancer;RBM41
prostate cancer;NECAP1
prostate cancer;DHX32
prostate cancer;BLVRB
prostate cancer;SPTLC1
prostate cancer;CCNK
prostate cancer;PCBP4
prostate cancer;MRPS33
prostate cancer;NDUFB2
prostate cancer;NUDC
prostate cancer;GNPTG
prostate cancer;PABPC4
prostate cancer;CERS4
prostate cancer;TNRC6A
prostate cancer;DTX2
prostate cancer;NRCAM
prostate cancer;SLC26A3
prostate cancer;TXNL1
prostate cancer;SPAG7
prostate cancer;ZFHX4
prostate cancer;ZC3HC1
prostate cancer;SLC7A8
prostate cancer;SLC22A17
prostate cancer;RNF31
prostate cancer;HECTD1
prostate cancer;TRPM7
prostate cancer;PHGDH
prostate cancer;MYL6
prostate cancer;AGO1
prostate cancer;NUP50
prostate cancer;SUCO
prostate cancer;MSH2
prostate cancer;DHPS
prostate cancer;HOOK2
prostate cancer;EPB41L4B
prostate cancer;CRAT
prostate cancer;NANS
prostate cancer;BLNK
prostate cancer;BAMBI
prostate cancer;WAC
prostate cancer;NUBP2
prostate cancer;PGC
prostate cancer;TMEM14A
prostate cancer;CDC5L
prostate cancer;ABL1
prostate cancer;ACOT7
prostate cancer;SH3GLB1
prostate cancer;OCEL1
prostate cancer;KCNK6
prostate cancer;BCL7C
prostate cancer;MARCH2
prostate cancer;NDUFB7
prostate cancer;TECR
prostate cancer;TIMM13
prostate cancer;CDC34
prostate cancer;CEP170B
prostate cancer;POLRMT
prostate cancer;RASSF7
prostate cancer;KLHL22
prostate cancer;BCL2L13
prostate cancer;DDT
prostate cancer;MAPK1
prostate cancer;SLC25A1
prostate cancer;GGA1
prostate cancer;LGALS1
prostate cancer;SRRD
prostate cancer;TRIOBP
prostate cancer;GCAT
prostate cancer;ANKRD54
prostate cancer;EIF3L
prostate cancer;CCDC134
prostate cancer;PICK1
prostate cancer;TTC28
prostate cancer;KDELR3
prostate cancer;TCF20
prostate cancer;RAB36
prostate cancer;RHBDD3
prostate cancer;TTLL1
prostate cancer;HMGXB4
prostate cancer;TOM1
prostate cancer;BIK
prostate cancer;MCAT
prostate cancer;TSPO
prostate cancer;TTLL12
prostate cancer;CBX7
prostate cancer;RPL3
prostate cancer;ZMAT5
prostate cancer;SGSM3
prostate cancer;IFT27
prostate cancer;KCTD17
prostate cancer;RBX1
prostate cancer;EP300
prostate cancer;ACO2
prostate cancer;TRMU
prostate cancer;DESI1
prostate cancer;ABHD4
prostate cancer;FKBP3
prostate cancer;PRMT5
prostate cancer;NIN
prostate cancer;PYGL
prostate cancer;GNPNAT1
prostate cancer;CNIH1
prostate cancer;ATP6V1D
prostate cancer;TIMM9
prostate cancer;GSTZ1
prostate cancer;KIAA0586
prostate cancer;DAAM1
prostate cancer;ZC3H14
prostate cancer;TELO2
prostate cancer;VRK1
prostate cancer;PABPN1
prostate cancer;ARHGAP5
prostate cancer;CINP
prostate cancer;SRP54
prostate cancer;CHD8
prostate cancer;EMC9
prostate cancer;SEC23A
prostate cancer;RABGGTA
prostate cancer;GSS
prostate cancer;PYGB
prostate cancer;ZMYND8
prostate cancer;ADNP
prostate cancer;PFDN4
prostate cancer;CSTF1
prostate cancer;HM13
prostate cancer;SEC23B
prostate cancer;KIF3B
prostate cancer;SNTA1
prostate cancer;CST3
prostate cancer;PIGU
prostate cancer;ACOT8
prostate cancer;ZNF516
prostate cancer;ADNP2
prostate cancer;RNMT
prostate cancer;LIPG
prostate cancer;ANKRD12
prostate cancer;MIB1
prostate cancer;CSTF2
prostate cancer;TBL1X
prostate cancer;POLA1
prostate cancer;MID1
prostate cancer;WDR13
prostate cancer;STAG2
prostate cancer;ATP11C
prostate cancer;MCF2
prostate cancer;CCDC22
prostate cancer;PLP2
prostate cancer;NAA10
prostate cancer;RBBP7
prostate cancer;PQBP1
prostate cancer;MAGT1
prostate cancer;EEA1
prostate cancer;RP2
prostate cancer;JADE3
prostate cancer;FGD1
prostate cancer;PIN4
prostate cancer;PORCN
prostate cancer;MAGED2
prostate cancer;SYTL4
prostate cancer;PBDC1
prostate cancer;STK24
prostate cancer;DNAJC3
prostate cancer;PARP4
prostate cancer;KPNA3
prostate cancer;KATNAL1
prostate cancer;TRADD
prostate cancer;ELMO3
prostate cancer;LYRM1
prostate cancer;NUTF2
prostate cancer;NUP93
prostate cancer;NFAT5
prostate cancer;ARL2BP
prostate cancer;PLLP
prostate cancer;DHODH
prostate cancer;ACD
prostate cancer;NME3
prostate cancer;NDRG4
prostate cancer;SETD6
prostate cancer;SLC38A7
prostate cancer;VAC14
prostate cancer;PLA2G15
prostate cancer;ESRP2
prostate cancer;CMC2
prostate cancer;HCFC1R1
prostate cancer;HSDL1
prostate cancer;WFDC1
prostate cancer;USP10
prostate cancer;NME4
prostate cancer;FAM173A
prostate cancer;METRN
prostate cancer;STUB1
prostate cancer;EEF2K
prostate cancer;ZNF174
prostate cancer;HMOX2
prostate cancer;RBL2
prostate cancer;QPRT
prostate cancer;PYCARD
prostate cancer;SYT17
prostate cancer;CCP110
prostate cancer;CSK
prostate cancer;HERC1
prostate cancer;RASL12
prostate cancer;FAH
prostate cancer;HOMER2
prostate cancer;SPG11
prostate cancer;CA2
prostate cancer;NBN
prostate cancer;IMPAD1
prostate cancer;RAB2A
prostate cancer;ESRP1
prostate cancer;UBR5
prostate cancer;ANXA13
prostate cancer;SH2D4A
prostate cancer;MTMR9
prostate cancer;R3HCC1
prostate cancer;GSR
prostate cancer;TUSC3
prostate cancer;KCTD9
prostate cancer;ECH1
prostate cancer;SARS2
prostate cancer;SNRNP70
prostate cancer;PIH1D1
prostate cancer;ARHGEF18
prostate cancer;PEX11G
prostate cancer;PLEKHJ1
prostate cancer;SF3A2
prostate cancer;CCDC130
prostate cancer;PTOV1
prostate cancer;SNAPC2
prostate cancer;C19orf53
prostate cancer;ILVBL
prostate cancer;PDCD5
prostate cancer;ANKRD27
prostate cancer;RPS16
prostate cancer;TIMM50
prostate cancer;FBL
prostate cancer;DYRK1B
prostate cancer;GPI
prostate cancer;TBCB
prostate cancer;POLR2I
prostate cancer;SLC1A5
prostate cancer;TJP3
prostate cancer;BBC3
prostate cancer;TGFB1
prostate cancer;RPS19
prostate cancer;ETFB
prostate cancer;BABAM1
prostate cancer;RABAC1
prostate cancer;MEIS3
prostate cancer;CLEC11A
prostate cancer;RAB3D
prostate cancer;TMEM205
prostate cancer;CAPS
prostate cancer;BCAT2
prostate cancer;WDR83OS
prostate cancer;LENG1
prostate cancer;PRPF31
prostate cancer;TFPT
prostate cancer;RPL18A
prostate cancer;ISYNA1
prostate cancer;COPE
prostate cancer;DDX49
prostate cancer;ETV2
prostate cancer;ARMC6
prostate cancer;TMEM147
prostate cancer;LSR
prostate cancer;FKBP8
prostate cancer;SUGP1
prostate cancer;HPN
prostate cancer;SCN1B
prostate cancer;ATP13A1
prostate cancer;GRIK5
prostate cancer;SIPA1L3
prostate cancer;CADM4
prostate cancer;HBP1
prostate cancer;MTPN
prostate cancer;LMBR1
prostate cancer;DNAJB6
prostate cancer;BRAT1
prostate cancer;SSBP1
prostate cancer;HIBADH
prostate cancer;CHN2
prostate cancer;EIF3B
prostate cancer;NUDT1
prostate cancer;TAF6
prostate cancer;MOSPD3
prostate cancer;USP42
prostate cancer;AGFG2
prostate cancer;ZNHIT1
prostate cancer;TMEM106B
prostate cancer;TSPAN13
prostate cancer;RARRES2
prostate cancer;AGR2
prostate cancer;CHCHD3
prostate cancer;GLI3
prostate cancer;PSMA2
prostate cancer;URGCP
prostate cancer;POLD2
prostate cancer;LIMK1
prostate cancer;MEGF9
prostate cancer;TRIM14
prostate cancer;CORO2A
prostate cancer;TGFBR1
prostate cancer;SEC61B
prostate cancer;AK1
prostate cancer;PLGRKT
prostate cancer;RIC1
prostate cancer;KANK1
prostate cancer;TESK1
prostate cancer;EDF1
prostate cancer;PIP5K1B
prostate cancer;GLIS3
prostate cancer;RAPGEF1
prostate cancer;NPDC1
prostate cancer;SETX
prostate cancer;ZFAND5
prostate cancer;GATA3
prostate cancer;HPS1
prostate cancer;RAB11FIP2
prostate cancer;ATE1
prostate cancer;UNC5B
prostate cancer;PPP3CB
prostate cancer;CCSER2
prostate cancer;FBXW4
prostate cancer;NPM3
prostate cancer;TNKS2
prostate cancer;GBF1
prostate cancer;ARHGAP21
prostate cancer;FBXL15
prostate cancer;CUEDC2
prostate cancer;ACBD5
prostate cancer;LHPP
prostate cancer;BCCIP
prostate cancer;SH3PXD2A
prostate cancer;FAM208B
prostate cancer;SMC3
prostate cancer;SHOC2
prostate cancer;CCDC6
prostate cancer;CUL2
prostate cancer;UBE2S
prostate cancer;RPL28
prostate cancer;TSPAN14
prostate cancer;NUFIP2
prostate cancer;RPL19
prostate cancer;DHX40
prostate cancer;GOSR2
prostate cancer;RECQL5
prostate cancer;HOXB6
prostate cancer;SLC25A11
prostate cancer;CPD
prostate cancer;AKAP10
prostate cancer;SYNGR2
prostate cancer;CYTH1
prostate cancer;CNTNAP1
prostate cancer;MRPL27
prostate cancer;VAT1
prostate cancer;RND2
prostate cancer;SMURF2
prostate cancer;DUSP3
prostate cancer;EFTUD2
prostate cancer;MMD
prostate cancer;DHRS7B
prostate cancer;SLC9A3R1
prostate cancer;NAT9
prostate cancer;RAB34
prostate cancer;TMEM33
prostate cancer;SLAIN2
prostate cancer;USP46
prostate cancer;ODAM
prostate cancer;NDUFC1
prostate cancer;TBC1D9
prostate cancer;GAB1
prostate cancer;CPE
prostate cancer;RPL34
prostate cancer;WFS1
prostate cancer;CLCN3
prostate cancer;AADAT
prostate cancer;DHX15
prostate cancer;SH3D19
prostate cancer;MFSD10
prostate cancer;RAPGEF2
prostate cancer;KLHL5
prostate cancer;MTCH2
prostate cancer;DNAJC4
prostate cancer;ATG2A
prostate cancer;OSBP
prostate cancer;UNC93B1
prostate cancer;PPP6R3
prostate cancer;TRIM3
prostate cancer;ANAPC15
prostate cancer;ARHGEF17
prostate cancer;UBE4A
prostate cancer;HIPK3
prostate cancer;FBXO3
prostate cancer;NAA40
prostate cancer;CD81
prostate cancer;RPS13
prostate cancer;AIP
prostate cancer;NDUFS8
prostate cancer;HPS5
prostate cancer;PRDM4
prostate cancer;MVK
prostate cancer;CAMKK2
prostate cancer;KRT18
prostate cancer;PPM1H
prostate cancer;WNT5B
prostate cancer;ALDH2
prostate cancer;NAA25
prostate cancer;SCNN1A
prostate cancer;CDK2AP1
prostate cancer;RASAL1
prostate cancer;STX2
prostate cancer;TBC1D30
prostate cancer;CAND1
prostate cancer;CNOT2
prostate cancer;CPSF6
prostate cancer;MRPL51
prostate cancer;C12orf57
prostate cancer;LDHB
prostate cancer;RAB35
prostate cancer;PHC1
prostate cancer;COX6A1
prostate cancer;DSE
prostate cancer;ADTRP
prostate cancer;MCM9
prostate cancer;SERINC1
prostate cancer;HDDC2
prostate cancer;MAPK14
prostate cancer;KCTD20
prostate cancer;MCM3
prostate cancer;RBM24
prostate cancer;CAP2
prostate cancer;BAG2
prostate cancer;FBXL4
prostate cancer;ASCC3
prostate cancer;MED23
prostate cancer;HBS1L
prostate cancer;PEX7
prostate cancer;PHF1
prostate cancer;CUTA
prostate cancer;QKI
prostate cancer;BYSL
prostate cancer;FAM120B
prostate cancer;DNPH1
prostate cancer;EXOC2
prostate cancer;COX7A2
prostate cancer;TMEM30A
prostate cancer;PRPF4B
prostate cancer;ENPP5
prostate cancer;PRSS16
prostate cancer;MAN2A1
prostate cancer;NNT
prostate cancer;COL4A3BP
prostate cancer;RNF130
prostate cancer;CLINT1
prostate cancer;CNOT6
prostate cancer;MSH3
prostate cancer;GOLPH3
prostate cancer;SUB1
prostate cancer;FAM172A
prostate cancer;PRLR
prostate cancer;RAD50
prostate cancer;SEC24A
prostate cancer;TTC33
prostate cancer;WWC1
prostate cancer;H2AFY
prostate cancer;DPYSL3
prostate cancer;SMAD5
prostate cancer;CSNK1A1
prostate cancer;ERGIC1
prostate cancer;BNIP1
prostate cancer;HRH2
prostate cancer;TBCCD1
prostate cancer;HGD
prostate cancer;FAM162A
prostate cancer;XRN1
prostate cancer;FGF12
prostate cancer;PRKAR2A
prostate cancer;ACAP2
prostate cancer;GNAI2
prostate cancer;NPRL2
prostate cancer;RPL24
prostate cancer;CYB561D2
prostate cancer;SNX4
prostate cancer;PODXL2
prostate cancer;KLHL18
prostate cancer;CISH
prostate cancer;WDR48
prostate cancer;RRP9
prostate cancer;ABHD14B
prostate cancer;ARHGEF26
prostate cancer;VIPR1
prostate cancer;FOXP1
prostate cancer;SLC4A3
prostate cancer;DGUOK
prostate cancer;MOB1A
prostate cancer;RTKN
prostate cancer;PIKFYVE
prostate cancer;KCNIP3
prostate cancer;ACVR1
prostate cancer;GTF3C2
prostate cancer;EIF2B4
prostate cancer;REEP6
prostate cancer;RPS15
prostate cancer;INO80B
prostate cancer;MOGS
prostate cancer;TTC31
prostate cancer;NDUFS7
prostate cancer;CLIP4
prostate cancer;SPTBN1
prostate cancer;RTN4
prostate cancer;CCDC88A
prostate cancer;LANCL1
prostate cancer;FN1
prostate cancer;USP34
prostate cancer;SF3B1
prostate cancer;PDCL3
prostate cancer;HSPE1
prostate cancer;KDM3A
prostate cancer;PLCD4
prostate cancer;IL1RL2
prostate cancer;MLPH
prostate cancer;ABCB6
prostate cancer;STK16
prostate cancer;PPP1R7
prostate cancer;BIRC6
prostate cancer;PRKD3
prostate cancer;DARS
prostate cancer;SOS1
prostate cancer;COX7A2L
prostate cancer;ATF2
prostate cancer;THADA
prostate cancer;PCYOX1
prostate cancer;SPR
prostate cancer;FARSB
prostate cancer;DNAJC16
prostate cancer;CEP104
prostate cancer;FAM20B
prostate cancer;TMEM59
prostate cancer;MECR
prostate cancer;RAP1A
prostate cancer;SCAMP3
prostate cancer;TRIM62
prostate cancer;ASH1L
prostate cancer;GON4L
prostate cancer;LAMTOR2
prostate cancer;SRM
prostate cancer;MFN2
prostate cancer;SLC35D1
prostate cancer;PLA2G4A
prostate cancer;WLS
prostate cancer;PRDM2
prostate cancer;TROVE2
prostate cancer;ZBTB17
prostate cancer;TMEM9
prostate cancer;MAP7D1
prostate cancer;MRPS15
prostate cancer;C1orf109
prostate cancer;RRAGC
prostate cancer;TBCE
prostate cancer;NID1
prostate cancer;RLF
prostate cancer;ETV3
prostate cancer;UAP1
prostate cancer;KLHL12
prostate cancer;RBBP5
prostate cancer;CDK18
prostate cancer;HMGCL
prostate cancer;GALE
prostate cancer;CD46
prostate cancer;ATP6V0B
prostate cancer;B4GALT2
prostate cancer;TSPAN1
prostate cancer;BLZF1
prostate cancer;FAAH
prostate cancer;TMED5
prostate cancer;DR1
prostate cancer;ABCD3
prostate cancer;PRDX6
prostate cancer;DARS2
prostate cancer;IRF6
prostate cancer;RPS6KA1
prostate cancer;DHDDS
prostate cancer;NENF
prostate cancer;ARID1A
prostate cancer;MARC2
prostate cancer;ESYT2
prostate cancer;CTSD
prostate cancer;STAG1
prostate cancer;STK11
prostate cancer;CAMSAP2
prostate cancer;ATF6
prostate cancer;NRP2
prostate cancer;CREB1
prostate cancer;C1orf54
prostate cancer;CA14
prostate cancer;CASP8AP2
prostate cancer;ANKRD13C
prostate cancer;PHF3
prostate cancer;FBXO30
prostate cancer;FBXL5
prostate cancer;ZNF430
prostate cancer;VAMP8
prostate cancer;TGIF2
prostate cancer;PKD2
prostate cancer;ABCG2
prostate cancer;RAB3GAP2
prostate cancer;EEF2KMT
prostate cancer;UCHL3
prostate cancer;HS1BP3
prostate cancer;WDR35
prostate cancer;GTF3C3
prostate cancer;PIGZ
prostate cancer;HEATR1
prostate cancer;FKBP15
prostate cancer;WDR34
prostate cancer;BSPRY
prostate cancer;RBM18
prostate cancer;DENND1A
prostate cancer;VPS4B
prostate cancer;C19orf25
prostate cancer;YLPM1
prostate cancer;IFI27L2
prostate cancer;IFT43
prostate cancer;AREL1
prostate cancer;ZC2HC1C
prostate cancer;SLIRP
prostate cancer;RBM25
prostate cancer;RHOQ
prostate cancer;GPR75
prostate cancer;ATAD2B
prostate cancer;ATL2
prostate cancer;LGALSL
prostate cancer;CRIPT
prostate cancer;EPCAM
prostate cancer;SLC17A5
prostate cancer;OGFRL1
prostate cancer;IDE
prostate cancer;CNNM1
prostate cancer;MXI1
prostate cancer;WDR11
prostate cancer;C10orf95
prostate cancer;HOXB8
prostate cancer;HOXB3
prostate cancer;PANK3
prostate cancer;RCL1
prostate cancer;MTHFD1L
prostate cancer;KCNJ5
prostate cancer;PDZD11
prostate cancer;KIAA1217
prostate cancer;EPC1
prostate cancer;ENOX1
prostate cancer;DNAJC15
prostate cancer;ELF1
prostate cancer;SIL1
prostate cancer;KDM3B
prostate cancer;UTP20
prostate cancer;APAF1
prostate cancer;DUSP4
prostate cancer;SORBS3
prostate cancer;CHRNA2
prostate cancer;PPP3CC
prostate cancer;LYPLA1
prostate cancer;SCPEP1
prostate cancer;TBX2
prostate cancer;SLC35B1
prostate cancer;PDZRN3
prostate cancer;RNF2
prostate cancer;TRMT1L
prostate cancer;PEX16
prostate cancer;POLR3GL
prostate cancer;PDS5A
prostate cancer;TMEM54
prostate cancer;POLK
prostate cancer;GTF3A
prostate cancer;UBL3
prostate cancer;FYTTD1
prostate cancer;MRPS2
prostate cancer;RBBP6
prostate cancer;ZC3H7A
prostate cancer;LDB3
prostate cancer;NAA60
prostate cancer;RPL5
prostate cancer;ZNF644
prostate cancer;PMS2
prostate cancer;ZMIZ2
prostate cancer;EEPD1
prostate cancer;KLHL7
prostate cancer;NPY
prostate cancer;FAM126A
prostate cancer;POLM
prostate cancer;GLIPR2
prostate cancer;CLTA
prostate cancer;ACO1
prostate cancer;DCAF10
prostate cancer;KIAA1549
prostate cancer;CALD1
prostate cancer;CHST3
prostate cancer;CISD1
prostate cancer;ACADS
prostate cancer;MED13L
prostate cancer;CDKN2C
prostate cancer;CCDC91
prostate cancer;NECAB1
prostate cancer;PRDX4
prostate cancer;DDX39A
prostate cancer;SPRYD7
prostate cancer;NLN
prostate cancer;ATF1
prostate cancer;PFDN5
prostate cancer;ORMDL2
prostate cancer;ATG101
prostate cancer;SMUG1
prostate cancer;KBTBD4
prostate cancer;RAB9B
prostate cancer;METTL8
prostate cancer;PLA2G12A
prostate cancer;B9D2
prostate cancer;RAB38
prostate cancer;ACSL3
prostate cancer;CHPF
prostate cancer;SLC12A4
prostate cancer;KCNS1
prostate cancer;NCOA3
prostate cancer;CHD6
prostate cancer;TOX2
prostate cancer;KCNK15
prostate cancer;MTRR
prostate cancer;VAMP7
prostate cancer;ZNF576
prostate cancer;ZNF45
prostate cancer;USP9X
prostate cancer;SERPINB6
prostate cancer;RPS10
prostate cancer;MED20
prostate cancer;SPDEF
prostate cancer;SSR1
prostate cancer;SLC35B3
prostate cancer;NUP153
prostate cancer;DEK
prostate cancer;EEF1E1
prostate cancer;LRRFIP1
prostate cancer;RAB17
prostate cancer;AHNAK
prostate cancer;CNOT1
prostate cancer;LRRC29
prostate cancer;DOK4
prostate cancer;TMTC4
prostate cancer;RAP2A
prostate cancer;TM9SF2
prostate cancer;NDUFA1
prostate cancer;SLC25A35
prostate cancer;NT5C
prostate cancer;GTF3C4
prostate cancer;SLC2A4RG
prostate cancer;PPDPF
prostate cancer;CHCHD5
prostate cancer;POLR1B
prostate cancer;CCDC93
prostate cancer;PSD4
prostate cancer;ALKBH7
prostate cancer;CLPP
prostate cancer;THOC2
prostate cancer;MED1
prostate cancer;RPL23
prostate cancer;TRIP10
prostate cancer;SNRPD2
prostate cancer;RTN2
prostate cancer;EML2
prostate cancer;TMX4
prostate cancer;SNRPB
prostate cancer;NRSN2
prostate cancer;OVOL2
prostate cancer;DSTN
prostate cancer;SNRPB2
prostate cancer;ITPA
prostate cancer;FAM110A
prostate cancer;MRPS26
prostate cancer;NCLN
prostate cancer;NECAB3
prostate cancer;DYNLRB1
prostate cancer;ROMO1
prostate cancer;UROD
prostate cancer;TMEM53
prostate cancer;TUBGCP3
prostate cancer;PDCD2L
prostate cancer;RBM42
prostate cancer;COX6B1
prostate cancer;PRDX5
prostate cancer;RRAS
prostate cancer;PRRG2
prostate cancer;STAT5A
prostate cancer;ZNF384
prostate cancer;EMG1
prostate cancer;UXT
prostate cancer;TIMM17B
prostate cancer;KTN1
prostate cancer;SIX1
prostate cancer;RHOT1
prostate cancer;AIF1L
prostate cancer;MAP2K2
prostate cancer;CANX
prostate cancer;ZNF484
prostate cancer;COX7C
prostate cancer;TRAF2
prostate cancer;RAP1B
prostate cancer;RAB3IP
prostate cancer;TMEM175
prostate cancer;PIN1
prostate cancer;UBR4
prostate cancer;SLC35E1
prostate cancer;UQCR11
prostate cancer;MACF1
prostate cancer;TUBA4A
prostate cancer;PNKD
prostate cancer;ECHS1
prostate cancer;HIP1
prostate cancer;STYXL1
prostate cancer;GNAI1
prostate cancer;LRFN1
prostate cancer;SPINK2
prostate cancer;PAICS
prostate cancer;DGCR6L
prostate cancer;SDF2L1
prostate cancer;A4GALT
prostate cancer;TPST2
prostate cancer;MPST
prostate cancer;TST
prostate cancer;SPECC1
prostate cancer;MKLN1
prostate cancer;DNAJB9
prostate cancer;FLNC
prostate cancer;CALU
prostate cancer;SMO
prostate cancer;NDUFA5
prostate cancer;MRPS12
prostate cancer;HERC2
prostate cancer;SNRPN
prostate cancer;TWSG1
prostate cancer;EIF2AK4
prostate cancer;MYO5C
prostate cancer;CLN6
prostate cancer;ARPP19
prostate cancer;VPS13C
prostate cancer;COPB1
prostate cancer;PLD2
prostate cancer;TXNDC17
prostate cancer;MPDU1
prostate cancer;PHF20L1
prostate cancer;CCNT1
prostate cancer;PUS7L
prostate cancer;AP1M2
prostate cancer;DTD2
prostate cancer;FOXA1
prostate cancer;SNX6
prostate cancer;EGLN3
prostate cancer;MIS18BP1
prostate cancer;RNASE1
prostate cancer;NEDD8
prostate cancer;DAD1
prostate cancer;TEP1
prostate cancer;CDO1
prostate cancer;ITFG1
prostate cancer;DOHH
prostate cancer;SHC2
prostate cancer;ABHD17A
prostate cancer;GAMT
prostate cancer;FAM155B
prostate cancer;GNL3L
prostate cancer;SH3BP4
prostate cancer;ECSIT
prostate cancer;ELOF1
prostate cancer;THEM6
prostate cancer;TOMM40
prostate cancer;LRCH2
prostate cancer;FAM98C
prostate cancer;RPL36
prostate cancer;NSUN5
prostate cancer;MRPL34
prostate cancer;PGLS
prostate cancer;LSM7
prostate cancer;RTN4IP1
prostate cancer;RSPH3
prostate cancer;STK33
prostate cancer;SCO2
prostate cancer;SSBP4
prostate cancer;LSM4
prostate cancer;TRPM4
prostate cancer;CRB3
prostate cancer;SAMD10
prostate cancer;RBBP8NL
prostate cancer;LAMA5
prostate cancer;ASS1
prostate cancer;PRRC2B
prostate cancer;CHMP2A
prostate cancer;ATG4D
prostate cancer;TMEM160
prostate cancer;ARHGEF16
prostate cancer;CLIP1
prostate cancer;HIP1R
prostate cancer;EIF3G
prostate cancer;DKC1
prostate cancer;LRP3
prostate cancer;SLC35D2
prostate cancer;PPIL4
prostate cancer;LATS1
prostate cancer;COX4I2
prostate cancer;GGT7
prostate cancer;ACSS2
prostate cancer;ZNF141
prostate cancer;COX4I1
prostate cancer;CHMP1A
prostate cancer;COX7B
prostate cancer;RAB11FIP4
prostate cancer;CAPN7
prostate cancer;TUBG1
prostate cancer;RPL27
prostate cancer;AOC3
prostate cancer;ACLY
prostate cancer;VPS25
prostate cancer;RAMP2
prostate cancer;NDUFA2
prostate cancer;ANO1
prostate cancer;THOC6
prostate cancer;RARA
prostate cancer;PPP1R1B
prostate cancer;CHD1L
prostate cancer;PDHA1
prostate cancer;ZNF304
prostate cancer;ARFIP2
prostate cancer;RRP8
prostate cancer;EFR3A
prostate cancer;RAMP1
prostate cancer;PRKAA1
prostate cancer;CLUH
prostate cancer;MYBBP1A
prostate cancer;UBE2G1
prostate cancer;EEFSEC
prostate cancer;TBC1D14
prostate cancer;SEC61G
prostate cancer;ANKRD17
prostate cancer;EIF5A
prostate cancer;SDF2
prostate cancer;PRMT7
prostate cancer;VPS4A
prostate cancer;ANKEF1
prostate cancer;SNAP25
prostate cancer;NXT1
prostate cancer;NES
prostate cancer;ARHGEF11
prostate cancer;RAB25
prostate cancer;VSTM2L
prostate cancer;AP3B1
prostate cancer;XPO4
prostate cancer;CDK8
prostate cancer;WASF3
prostate cancer;CHRM3
prostate cancer;PEMT
prostate cancer;MPRIP
prostate cancer;DSTYK
prostate cancer;COG6
prostate cancer;TBC1D8B
prostate cancer;EPHB2
prostate cancer;HSPBP1
prostate cancer;CNDP2
prostate cancer;MACROD1
prostate cancer;WDR74
prostate cancer;MYH11
prostate cancer;FAM83F
prostate cancer;SFTPD
prostate cancer;IPO8
prostate cancer;SWAP70
prostate cancer;SBF2
prostate cancer;RRAS2
prostate cancer;SARAF
prostate cancer;MEN1
prostate cancer;NUMB
prostate cancer;COX16
prostate cancer;LOXL2
prostate cancer;ELP3
prostate cancer;IER3IP1
prostate cancer;VHL
prostate cancer;EDEM1
prostate cancer;GSTM3
prostate cancer;SORT1
prostate cancer;PTGFRN
prostate cancer;LAMTOR5
prostate cancer;CEPT1
prostate cancer;YWHAQ
prostate cancer;KIDINS220
prostate cancer;ROCK2
prostate cancer;IAH1
prostate cancer;IL6ST
prostate cancer;CDC73
prostate cancer;RPS15A
prostate cancer;ACP2
prostate cancer;PUM1
prostate cancer;GNL2
prostate cancer;HOOK1
prostate cancer;DTNA
prostate cancer;TIMM10
prostate cancer;FADS2
prostate cancer;TMEM258
prostate cancer;CLOCK
prostate cancer;ERCC5
prostate cancer;ADAMTS8
prostate cancer;TMED7
prostate cancer;APC
prostate cancer;RFK
prostate cancer;UBQLN1
prostate cancer;FAM189A2
prostate cancer;ISCA1
prostate cancer;USP30
prostate cancer;MSI1
prostate cancer;FBXO21
prostate cancer;P2RX4
prostate cancer;PNPLA8
prostate cancer;SRPK2
prostate cancer;KHDC1
prostate cancer;LCA5
prostate cancer;MAP3K7
prostate cancer;EHF
prostate cancer;CAPRIN1
prostate cancer;DNAJC14
prostate cancer;BLOC1S1
prostate cancer;COQ10A
prostate cancer;KRT7
prostate cancer;ACVR1B
prostate cancer;PRADC1
prostate cancer;DYSF
prostate cancer;USP15
prostate cancer;GNS
prostate cancer;DYNC1LI2
prostate cancer;KCNK1
prostate cancer;NTPCR
prostate cancer;RNASEL
prostate cancer;CEP350
prostate cancer;PIGC
prostate cancer;LAMC1
prostate cancer;USP37
prostate cancer;ITM2C
prostate cancer;DNAJB2
prostate cancer;CAB39
prostate cancer;COX5B
prostate cancer;TMEM127
prostate cancer;TGFBRAP1
prostate cancer;C2orf49
prostate cancer;EPC2
prostate cancer;SCYL2
prostate cancer;LRCH1
prostate cancer;RPL13AP25
prostate cancer;RCBTB2
prostate cancer;SCRN1
prostate cancer;BZW2
prostate cancer;DDX56
prostate cancer;TTC5
prostate cancer;ABHD17C
prostate cancer;IREB2
prostate cancer;RSAD1
prostate cancer;TACO1
prostate cancer;TEX2
prostate cancer;MRPL47
prostate cancer;TANK
prostate cancer;KCTD3
prostate cancer;UGGT1
prostate cancer;GYPC
prostate cancer;STAM
prostate cancer;YME1L1
prostate cancer;TXN
prostate cancer;ST6GALNAC4
prostate cancer;SLC31A2
prostate cancer;STX17
prostate cancer;FPGS
prostate cancer;USP20
prostate cancer;GARNL3
prostate cancer;DPM2
prostate cancer;TSTD2
prostate cancer;RPL35
prostate cancer;ARPC5L
prostate cancer;UBAP2
prostate cancer;APTX
prostate cancer;TLN1
prostate cancer;HINT2
prostate cancer;DENND4C
prostate cancer;RPS6
prostate cancer;CNPY3
prostate cancer;FOXP4
prostate cancer;KIF13A
prostate cancer;GMPR
prostate cancer;TFAP2A
prostate cancer;UQCC2
prostate cancer;FAM8A1
prostate cancer;CPEB2
prostate cancer;FCHSD2
prostate cancer;ARRB1
prostate cancer;RAB30
prostate cancer;NARS2
prostate cancer;YAP1
prostate cancer;POU2F3
prostate cancer;RDX
prostate cancer;FDX1
prostate cancer;MAP2K5
prostate cancer;CTDSPL2
prostate cancer;MAPKBP1
prostate cancer;HAUS2
prostate cancer;RPLP1
prostate cancer;TUBGCP4
prostate cancer;DUOX1
prostate cancer;ZNF280D
prostate cancer;FNBP1L
prostate cancer;RPL7P9
prostate cancer;DBT
prostate cancer;THUMPD2
prostate cancer;ACTR2
prostate cancer;SLC5A6
prostate cancer;PREPL
prostate cancer;EMILIN1
prostate cancer;FBXO11
prostate cancer;DTNB
prostate cancer;MYOF
prostate cancer;TACC2
prostate cancer;DNAJC13
prostate cancer;RPS24
prostate cancer;CARF
prostate cancer;PPIG
prostate cancer;OLA1
prostate cancer;ABI2
prostate cancer;SLC35A5
prostate cancer;COX17
prostate cancer;USP8
prostate cancer;SECISBP2L
prostate cancer;GLCE
prostate cancer;PARP16
prostate cancer;PPCDC
prostate cancer;COPS4
prostate cancer;KIAA1109
prostate cancer;LARP1B
prostate cancer;NAAA
prostate cancer;G3BP2
prostate cancer;SEPT11
prostate cancer;SCARB2
prostate cancer;CNOT6L
prostate cancer;SEC24B
prostate cancer;ALG10
prostate cancer;NDUFA9
prostate cancer;SCAF11
prostate cancer;MARCH9
prostate cancer;SNRPF
prostate cancer;NEDD1
prostate cancer;SLC15A4
prostate cancer;RITA1
prostate cancer;SDSL
prostate cancer;MMAB
prostate cancer;GIT2
prostate cancer;MTMR6
prostate cancer;SLC7A1
prostate cancer;SUOX
prostate cancer;TARBP2
prostate cancer;SMARCC2
prostate cancer;C12orf10
prostate cancer;WDFY2
prostate cancer;ESD
prostate cancer;RB1
prostate cancer;MBNL2
prostate cancer;ABHD13
prostate cancer;RAB20
prostate cancer;GRTP1
prostate cancer;FRMD6
prostate cancer;NAA30
prostate cancer;PTGR2
prostate cancer;TCF12
prostate cancer;SERF2
prostate cancer;BNIP2
prostate cancer;GTF2A2
prostate cancer;BAHD1
prostate cancer;COMMD4
prostate cancer;HMG20A
prostate cancer;SCAPER
prostate cancer;TSPAN3
prostate cancer;NCOA2
prostate cancer;ULK3
prostate cancer;DET1
prostate cancer;ZNF710
prostate cancer;MCTP2
prostate cancer;IQGAP1
prostate cancer;CRTC3
prostate cancer;C16orf58
prostate cancer;FTO
prostate cancer;CDR2
prostate cancer;MARVELD3
prostate cancer;RPS2
prostate cancer;NDUFB10
prostate cancer;PDPK1
prostate cancer;TCF25
prostate cancer;NCOR1
prostate cancer;MYOCD
prostate cancer;KSR1
prostate cancer;PCTP
prostate cancer;TOM1L1
prostate cancer;NPEPPS
prostate cancer;LRRC46
prostate cancer;SCRN2
prostate cancer;ARSG
prostate cancer;G6PC3
prostate cancer;CLTC
prostate cancer;PTRH2
prostate cancer;GNAL
prostate cancer;GALNT1
prostate cancer;PELP1
prostate cancer;SAT2
prostate cancer;TMC6
prostate cancer;RAB40B
prostate cancer;ANAPC11
prostate cancer;RPTOR
prostate cancer;WDR45B
prostate cancer;DYM
prostate cancer;MBD1
prostate cancer;TNFRSF11A
prostate cancer;ERBB2
prostate cancer;GRB7
prostate cancer;PNMT
prostate cancer;STAC2
prostate cancer;IGFBP4
prostate cancer;TXNL4A
prostate cancer;SAMD1
prostate cancer;SLC39A3
prostate cancer;TPGS1
prostate cancer;MVB12A
prostate cancer;DPP9
prostate cancer;URB1
prostate cancer;EMP3
prostate cancer;LMTK3
prostate cancer;GEMIN7
prostate cancer;CBLC
prostate cancer;ERVK3-1
prostate cancer;ZNF787
prostate cancer;CARM1
prostate cancer;EVI5L
prostate cancer;PSMB6
prostate cancer;KLK3
prostate cancer;RPS11
prostate cancer;RPL13A
prostate cancer;NOSIP
prostate cancer;PRDM16
prostate cancer;CNKSR1
prostate cancer;RPL11
prostate cancer;ZNF593
prostate cancer;KIAA0319L
prostate cancer;EVA1B
prostate cancer;SYTL1
prostate cancer;PIGK
prostate cancer;RPS8
prostate cancer;LMO4
prostate cancer;SYPL2
prostate cancer;SLC44A3
prostate cancer;ATP1B1
prostate cancer;TIPRL
prostate cancer;MPC2
prostate cancer;MGST3
prostate cancer;SDHC
prostate cancer;PFDN2
prostate cancer;MRPL24
prostate cancer;CRABP2
prostate cancer;XPR1
prostate cancer;TOR1AIP1
prostate cancer;LYPLAL1
prostate cancer;RORC
prostate cancer;CGN
prostate cancer;SNX27
prostate cancer;ANP32E
prostate cancer;ANXA9
prostate cancer;ARNT
prostate cancer;C1orf56
prostate cancer;OAZ3
prostate cancer;SUSD4
prostate cancer;ADAM15
prostate cancer;CREB3L4
prostate cancer;C1orf43
prostate cancer;SCCPDH
prostate cancer;CEP170
prostate cancer;ACP1
prostate cancer;SNAP47
prostate cancer;SRP9
prostate cancer;DEGS1
prostate cancer;GUK1
prostate cancer;MBOAT2
prostate cancer;PSEN2
prostate cancer;HNRNPLL
prostate cancer;GALM
prostate cancer;RPS27A
prostate cancer;ASXL2
prostate cancer;SNRPG
prostate cancer;SNRNP200
prostate cancer;RALB
prostate cancer;FAHD2B
prostate cancer;UBXN4
prostate cancer;UBR3
prostate cancer;NBEAL1
prostate cancer;SUMF1
prostate cancer;RHBDD1
prostate cancer;VGLL4
prostate cancer;GMPPA
prostate cancer;DYNC1LI1
prostate cancer;RBMS3
prostate cancer;POMGNT2
prostate cancer;RPL32
prostate cancer;TMF1
prostate cancer;LRIG1
prostate cancer;NXPE3
prostate cancer;ADPRH
prostate cancer;OSBPL11
prostate cancer;TRPC1
prostate cancer;LPP
prostate cancer;AMT
prostate cancer;TCTA
prostate cancer;ILDR1
prostate cancer;VWA5B2
prostate cancer;FIP1L1
prostate cancer;CENPC
prostate cancer;ATP10D
prostate cancer;ENOPH1
prostate cancer;PYURF
prostate cancer;TBCK
prostate cancer;CAMK2D
prostate cancer;METTL14
prostate cancer;SETD7
prostate cancer;NAF1
prostate cancer;NDUFS6
prostate cancer;RPL37
prostate cancer;PIK3R1
prostate cancer;LHFPL2
prostate cancer;IQGAP2
prostate cancer;RASA1
prostate cancer;LIX1
prostate cancer;PPIP5K2
prostate cancer;BDP1
prostate cancer;FBXL17
prostate cancer;YIPF5
prostate cancer;DDX46
prostate cancer;FBXO38
prostate cancer;NHP2
prostate cancer;FARS2
prostate cancer;TRIM41
prostate cancer;HIGD2A
prostate cancer;MUT
prostate cancer;DAAM2
prostate cancer;SCUBE3
prostate cancer;PHIP
prostate cancer;FAXC
prostate cancer;RNF217
prostate cancer;RSPO3
prostate cancer;SHPRH
prostate cancer;DYNLT1
prostate cancer;ZMYM4
prostate cancer;SDK1
prostate cancer;RBAK
prostate cancer;C7orf43
prostate cancer;EPHA1
prostate cancer;KDM6A
prostate cancer;HDAC8
prostate cancer;NDUFB11
prostate cancer;ZNF41
prostate cancer;TAF1
prostate cancer;CCDC120
prostate cancer;EBP
prostate cancer;ITGB1BP2
prostate cancer;PRPS1
prostate cancer;MFHAS1
prostate cancer;ZNF185
prostate cancer;RPL10
prostate cancer;CHMP7
prostate cancer;TACC1
prostate cancer;RSPO2
prostate cancer;MAL2
prostate cancer;NDUFB9
prostate cancer;HAUS6
prostate cancer;FBXO10
prostate cancer;AUH
prostate cancer;C9orf3
prostate cancer;ASTN2
prostate cancer;SURF1
prostate cancer;SURF2
prostate cancer;MED22
prostate cancer;RPL7A
prostate cancer;PTGES2
prostate cancer;PTGES
prostate cancer;LRSAM1
prostate cancer;GPR107
prostate cancer;NACC2
prostate cancer;PROSER2
prostate cancer;MSRB2
prostate cancer;PDSS1
prostate cancer;RSU1
prostate cancer;ZEB1
prostate cancer;GLUD1
prostate cancer;RPP30
prostate cancer;EIF4EBP2
prostate cancer;GSTO1
prostate cancer;PGAP2
prostate cancer;TUT1
prostate cancer;CELF1
prostate cancer;RPS3
prostate cancer;NPAT
prostate cancer;ATM
prostate cancer;AASDHPPT
prostate cancer;LAMTOR1
prostate cancer;ST14
prostate cancer;B3GAT3
prostate cancer;CHEK1
prostate cancer;SIDT2
prostate cancer;JPH2
prostate cancer;SOGA1
prostate cancer;TRPT1
prostate cancer;NUDT22
prostate cancer;FAU
prostate cancer;TM7SF2
prostate cancer;PPP4C
prostate cancer;ALDOA
prostate cancer;TMEM219
prostate cancer;ITGB1
prostate cancer;CTF1
prostate cancer;ARID5B
prostate cancer;TIRAP
prostate cancer;FAM124A
prostate cancer;LYPD6B
prostate cancer;MTMR12
prostate cancer;DOCK1
prostate cancer;DIXDC1
prostate cancer;DLAT
prostate cancer;TIMM8B
prostate cancer;PTS
prostate cancer;SEC24D
prostate cancer;ITPR1
prostate cancer;CACNA1C
prostate cancer;OXSM
prostate cancer;UEVLD
prostate cancer;C12orf45
prostate cancer;BTBD11
prostate cancer;UBE3B
prostate cancer;IPMK
prostate cancer;PLBD2
prostate cancer;DLG5
prostate cancer;TWF1
prostate cancer;DIP2C
prostate cancer;FAM177A1
prostate cancer;MIPOL1
prostate cancer;NDUFC2
prostate cancer;NEK7
prostate cancer;FER
prostate cancer;EPS8
prostate cancer;QDPR
prostate cancer;EDNRA
prostate cancer;PIGF
prostate cancer;ADAM17
prostate cancer;WWC2
prostate cancer;MZT2B
prostate cancer;FAM168B
prostate cancer;PTPN14
prostate cancer;GPATCH11
prostate cancer;CYSLTR2
prostate cancer;EPG5
prostate cancer;TCF7L1
prostate cancer;TGOLN2
prostate cancer;UHMK1
prostate cancer;ZNF776
prostate cancer;NMT2
prostate cancer;ZNF837
prostate cancer;TRIM36
prostate cancer;PAN3
prostate cancer;MBNL1
prostate cancer;NADK2
prostate cancer;SLC30A6
prostate cancer;SLC16A12
prostate cancer;GGPS1
prostate cancer;MED21
prostate cancer;MR1
prostate cancer;SRP19
prostate cancer;TXNDC11
prostate cancer;ANAPC1
prostate cancer;CAST
prostate cancer;SMARCA5
prostate cancer;RASSF3
prostate cancer;AHCTF1
prostate cancer;TMEM87B
prostate cancer;RBMS1
prostate cancer;ASAP1
prostate cancer;TRAPPC8
prostate cancer;LINC00467
prostate cancer;INO80C
prostate cancer;NMRAL1
prostate cancer;UBALD1
prostate cancer;CMTM7
prostate cancer;UBP1
prostate cancer;JAZF1
prostate cancer;TRIP12
prostate cancer;CEBPG
prostate cancer;DDAH1
prostate cancer;CHD1
prostate cancer;MSI2
prostate cancer;NUS1
prostate cancer;PPP2R5E
prostate cancer;IMPACT
prostate cancer;C16orf74
prostate cancer;ANGPT1
prostate cancer;TRIM11
prostate cancer;ENAH
prostate cancer;SRSF12
prostate cancer;PDLIM3
prostate cancer;C21orf91
prostate cancer;RABGEF1
prostate cancer;GABPA
prostate cancer;XPC
prostate cancer;MPPE1
prostate cancer;RAB6B
prostate cancer;ZNF18
prostate cancer;APOOL
prostate cancer;GTF3C6
prostate cancer;MARVELD1
prostate cancer;SLC25A28
prostate cancer;HSPA13
prostate cancer;MOV10
prostate cancer;RHOC
prostate cancer;DBI
prostate cancer;LARP1
prostate cancer;NUP205
prostate cancer;KDM8
prostate cancer;KCTD18
prostate cancer;FAM126B
prostate cancer;PPARGC1B
prostate cancer;SLC26A2
prostate cancer;VBP1
prostate cancer;GRIP1
prostate cancer;ELMSAN1
prostate cancer;GNA14
prostate cancer;GNAQ
prostate cancer;DPY19L4
prostate cancer;BACH1
prostate cancer;UQCRB
prostate cancer;SUPV3L1
prostate cancer;TYSND1
prostate cancer;MED19
prostate cancer;NPTN
prostate cancer;KAT6B
prostate cancer;AIFM1
prostate cancer;MAPK13
prostate cancer;WDYHV1
prostate cancer;FBXO32
prostate cancer;FRRS1
prostate cancer;PHKG2
prostate cancer;RPUSD3
prostate cancer;SMG1
prostate cancer;FCHO2
prostate cancer;RBPMS
prostate cancer;STEAP2
prostate cancer;DDX19B
prostate cancer;DHRS1
prostate cancer;RNF111
prostate cancer;MYO1E
prostate cancer;APPL1
prostate cancer;DYRK1A
prostate cancer;KCNJ15
prostate cancer;TSPAN18
prostate cancer;TMEM164
prostate cancer;SNX22
prostate cancer;PSMG3
prostate cancer;AP3S2
prostate cancer;SKI
prostate cancer;KRTCAP3
prostate cancer;PAFAH2
prostate cancer;ABHD3
prostate cancer;COLEC12
prostate cancer;CUL4B
prostate cancer;HIST1H2BD
prostate cancer;EIF5B
prostate cancer;PPP1R9A
prostate cancer;ZFAND2B
prostate cancer;TAGLN2
prostate cancer;SLC45A3
prostate cancer;DUSP23
prostate cancer;NBL1
prostate cancer;F11R
prostate cancer;SPATA2L
prostate cancer;B4GALT3
prostate cancer;CACHD1
prostate cancer;ALG8
prostate cancer;SYNJ1
prostate cancer;IFNGR2
prostate cancer;GART
prostate cancer;SON
prostate cancer;LAD1
prostate cancer;CSRP1
prostate cancer;PRAC1
prostate cancer;HOXB13
prostate cancer;SNF8
prostate cancer;CHAF1B
prostate cancer;ADPGK
prostate cancer;PTMS
prostate cancer;ADIPOR1
prostate cancer;PSMD4
prostate cancer;UBR1
prostate cancer;RSPRY1
prostate cancer;EFCAB14
prostate cancer;ATP6V0D1
prostate cancer;PIP
prostate cancer;ZYX
prostate cancer;ARHGAP35
prostate cancer;ATAD3B
prostate cancer;UBE2J2
prostate cancer;ZNF362
prostate cancer;NR2F6
prostate cancer;CCDC58
prostate cancer;PDE9A
prostate cancer;RRP1
prostate cancer;FAM207A
prostate cancer;PRMT2
prostate cancer;CACFD1
prostate cancer;TOR2A
prostate cancer;ZDHHC12
prostate cancer;TAOK1
prostate cancer;MED27
prostate cancer;SIK3
prostate cancer;NEK8
prostate cancer;NLRX1
prostate cancer;PMF1
prostate cancer;CCDC12
prostate cancer;PPP1R35
prostate cancer;AZGP1
prostate cancer;NACC1
prostate cancer;VPS28
prostate cancer;ALKBH4
prostate cancer;RPL8
prostate cancer;YDJC
prostate cancer;ABCF3
prostate cancer;PCYT1A
prostate cancer;BDH1
prostate cancer;FDXR
prostate cancer;ACOX1
prostate cancer;NAGS
prostate cancer;EMC10
prostate cancer;GRASP
prostate cancer;ZNF653
prostate cancer;TNFSF13
prostate cancer;RPL26
prostate cancer;SNRNP25
prostate cancer;CCNF
prostate cancer;FLYWCH2
prostate cancer;ADCY9
prostate cancer;UBXN1
prostate cancer;LBHD1
prostate cancer;TAF6L
prostate cancer;RPL29
prostate cancer;LRP5
prostate cancer;TPCN2
prostate cancer;CMPK1
prostate cancer;ZYG11B
prostate cancer;C1orf123
prostate cancer;PARS2
prostate cancer;USP24
prostate cancer;AK4
prostate cancer;LZIC
prostate cancer;RBP7
prostate cancer;FBLIM1
prostate cancer;SDC3
prostate cancer;KIAA1522
prostate cancer;TMCO4
prostate cancer;SCNN1D
prostate cancer;USP1
prostate cancer;AGL
prostate cancer;ZNF281
prostate cancer;DDR2
prostate cancer;PEA15
prostate cancer;NCSTN
prostate cancer;KLHDC9
prostate cancer;FLVCR1
prostate cancer;DENND2D
prostate cancer;C1orf115
prostate cancer;B3GALNT2
prostate cancer;MAPKAPK2
prostate cancer;MRPL55
prostate cancer;PEX13
prostate cancer;DPY30
prostate cancer;ARL5A
prostate cancer;SMC6
prostate cancer;SGCB
prostate cancer;SGPP2
prostate cancer;SMARCAD1
prostate cancer;RNF149
prostate cancer;BOLA3
prostate cancer;ANTXR2
prostate cancer;CGGBP1
prostate cancer;PMVK
prostate cancer;PBXIP1
prostate cancer;CLDN1
prostate cancer;LINC01116
prostate cancer;EOGT
prostate cancer;EIF4E3
prostate cancer;FSTL1
prostate cancer;LMOD1
prostate cancer;TMEM183A
prostate cancer;KRTCAP2
prostate cancer;SSR2
prostate cancer;RNF25
prostate cancer;CRYBA2
prostate cancer;AZI2
prostate cancer;TGFBR2
prostate cancer;HDAC11
prostate cancer;CLASP2
prostate cancer;EIF5A2
prostate cancer;CDS1
prostate cancer;WDFY3
prostate cancer;PRICKLE2
prostate cancer;GMPS
prostate cancer;SLMAP
prostate cancer;RPL9
prostate cancer;SMIM14
prostate cancer;ABHD6
prostate cancer;RBM47
prostate cancer;IL17RE
prostate cancer;GYG1
prostate cancer;WDR43
prostate cancer;CDCP1
prostate cancer;ELP6
prostate cancer;ZNF148
prostate cancer;NMNAT3
prostate cancer;TPRA1
prostate cancer;POLR2H
prostate cancer;PRKCD
prostate cancer;GNL3
prostate cancer;PBRM1
prostate cancer;FAM208A
prostate cancer;UBXN7
prostate cancer;C1orf50
prostate cancer;ERMAP
prostate cancer;SGMS2
prostate cancer;DNAJB14
prostate cancer;H2AFZ
prostate cancer;PGRMC2
prostate cancer;RNF123
prostate cancer;MON1A
prostate cancer;TEX264
prostate cancer;PPM1M
prostate cancer;MAP9
prostate cancer;TMEM144
prostate cancer;ICE1
prostate cancer;OTUD4
prostate cancer;TMEM184C
prostate cancer;PRMT9
prostate cancer;MOCS2
prostate cancer;NDUFAF2
prostate cancer;LMBRD2
prostate cancer;NIPBL
prostate cancer;RNF180
prostate cancer;SLC25A46
prostate cancer;AGGF1
prostate cancer;TIGD6
prostate cancer;ERAP1
prostate cancer;CFAP97
prostate cancer;RICTOR
prostate cancer;CCDC127
prostate cancer;ACSL6
prostate cancer;UQCRQ
prostate cancer;CREBRF
prostate cancer;DCBLD1
prostate cancer;DAGLB
prostate cancer;RPS14
prostate cancer;ZNF12
prostate cancer;SYTL3
prostate cancer;BRI3
prostate cancer;SPIDR
prostate cancer;ORC5
prostate cancer;TMEM184A
prostate cancer;MICALL2
prostate cancer;INTS1
prostate cancer;CDK5
prostate cancer;TMUB1
prostate cancer;COX6C
prostate cancer;YWHAZ
prostate cancer;RPP25L
prostate cancer;ALDH1A1
prostate cancer;KDM1B
prostate cancer;TRPV6
prostate cancer;FBP1
prostate cancer;STRBP
prostate cancer;CLDN3
prostate cancer;GAPVD1
prostate cancer;WNK2
prostate cancer;ATP7A
prostate cancer;NDUFB6
prostate cancer;WRN
prostate cancer;MARCH8
prostate cancer;CFL2
prostate cancer;GTF2A1
prostate cancer;PKNOX2
prostate cancer;RPL36AL
prostate cancer;KBTBD6
prostate cancer;FAAH2
prostate cancer;NUDT5
prostate cancer;BEND7
prostate cancer;TAF3
prostate cancer;PDZD8
prostate cancer;NSD1
prostate cancer;ENOX2
prostate cancer;PMPCA
prostate cancer;HPRT1
prostate cancer;ZMYND19
prostate cancer;DDX21
prostate cancer;FUNDC2
prostate cancer;SLC39A2
prostate cancer;NDRG2
prostate cancer;NSMF
prostate cancer;ZNF219
prostate cancer;CCDC186
prostate cancer;TRUB1
prostate cancer;ZFYVE1
prostate cancer;UBTD1
prostate cancer;ARHGAP42
prostate cancer;ISCA2
prostate cancer;PACSIN3
prostate cancer;TTC7B
prostate cancer;CPSF2
prostate cancer;IFI27L1
prostate cancer;SMCO4
prostate cancer;CEP295
prostate cancer;HTRA1
prostate cancer;CEP57
prostate cancer;SPRED1
prostate cancer;JAM3
prostate cancer;GPT2
prostate cancer;RAB8B
prostate cancer;NDUFB8
prostate cancer;SPINT1
prostate cancer;TRMT61A
prostate cancer;BTRC
prostate cancer;LARP6
prostate cancer;COPS2
prostate cancer;FRS2
prostate cancer;COX11
prostate cancer;WBP1L
prostate cancer;SMPD1
prostate cancer;TRIM44
prostate cancer;TAF10
prostate cancer;CYB5A
prostate cancer;PPFIBP2
prostate cancer;CYB5R2
prostate cancer;KIAA0355
prostate cancer;IDH3A
prostate cancer;RNF169
prostate cancer;RPL27A
prostate cancer;ST5
prostate cancer;CDYL2
prostate cancer;TMEM41B
prostate cancer;ZNF143
prostate cancer;TK2
prostate cancer;TMED3
prostate cancer;SEC11C
prostate cancer;CASC4
prostate cancer;AP1G1
prostate cancer;ZNF667-AS1
prostate cancer;PPIB
prostate cancer;FAM111A
prostate cancer;MESP1
prostate cancer;NAV2
prostate cancer;DCTN5
prostate cancer;CLPX
prostate cancer;ZBTB39
prostate cancer;PATL1
prostate cancer;STX3
prostate cancer;MS4A8
prostate cancer;MAP1A
prostate cancer;MAPRE2
prostate cancer;EVA1C
prostate cancer;PDIA3
prostate cancer;NUDT21
prostate cancer;NKX3-1
prostate cancer;PBX3
prostate cancer;FAM102A
prostate cancer;TRUB2
prostate cancer;COQ4
prostate cancer;SLC27A4
prostate cancer;URM1
prostate cancer;DOLPP1
prostate cancer;ENDOG
prostate cancer;SP2
prostate cancer;COQ7
prostate cancer;GPRC5B
prostate cancer;HDHD2
prostate cancer;DUS2
prostate cancer;POP5
prostate cancer;VKORC1
prostate cancer;CA4
prostate cancer;SMG8
prostate cancer;GPX4
prostate cancer;GATAD2A
prostate cancer;MVD
prostate cancer;TRAPPC2L
prostate cancer;ANKRD11
prostate cancer;CACNB3
prostate cancer;TP53I13
prostate cancer;KMT2D
prostate cancer;TUBA1A
prostate cancer;RAB4B
prostate cancer;TMC4
prostate cancer;TRAPPC9
prostate cancer;SPINT2
prostate cancer;YIF1B
prostate cancer;DAPK3
prostate cancer;ZNF444
prostate cancer;NXN
prostate cancer;FAM57A
prostate cancer;MFSD3
prostate cancer;SLC43A2
prostate cancer;RILP
prostate cancer;HSD11B1L
prostate cancer;C19orf48
prostate cancer;KLK4
prostate cancer;KLK2
prostate cancer;CD320
prostate cancer;NDUFV1
prostate cancer;CDK2AP2
prostate cancer;HID1
prostate cancer;TMEM88
prostate cancer;EVPL
prostate cancer;TMEM99
prostate cancer;GHDC
prostate cancer;MLST8
prostate cancer;ECI1
prostate cancer;SDHAF2
prostate cancer;VPS37C
prostate cancer;BSCL2
prostate cancer;POLR2G
prostate cancer;SLC3A2
prostate cancer;C2CD3
prostate cancer;RPSA
prostate cancer;FADD
prostate cancer;NAALADL1
prostate cancer;SAC3D1
prostate cancer;BATF2
prostate cancer;SCARA3
prostate cancer;ANKS3
prostate cancer;NUDT16L1
prostate cancer;RAB4A
prostate cancer;SETD5
prostate cancer;TTC39C
prostate cancer;GLYCTK
prostate cancer;GNG4
prostate cancer;UBTD2
prostate cancer;DNAJC7
prostate cancer;NT5DC2
prostate cancer;COA6
prostate cancer;MGAT2
prostate cancer;BMI1
prostate cancer;PXK
prostate cancer;MFSD2A
prostate cancer;DTYMK
prostate cancer;CDC40
prostate cancer;MTCL1
prostate cancer;SERINC2
prostate cancer;TRAPPC11
prostate cancer;CHRM1
prostate cancer;ING2
prostate cancer;TMEM223
prostate cancer;STAT3
prostate cancer;NDUFS5
prostate cancer;FAM84B
prostate cancer;TMEM208
prostate cancer;PKIG
prostate cancer;NPNT
prostate cancer;GSTM4
prostate cancer;SNTB2
prostate cancer;RNF181
prostate cancer;VAMP5
prostate cancer;PLA2G4F
prostate cancer;TMEM129
prostate cancer;CEP120
prostate cancer;PXDC1
prostate cancer;FEM1B
prostate cancer;MECP2
prostate cancer;DHRSX
prostate cancer;ASMTL
prostate cancer;PARM1
prostate cancer;AFAP1L2
prostate cancer;UBE2V2
prostate cancer;APEX2
prostate cancer;NSMCE1
prostate cancer;LMAN2
prostate cancer;RAB24
prostate cancer;PRELID1
prostate cancer;SLC50A1
prostate cancer;SIN3A
prostate cancer;ARL13B
prostate cancer;PTK2
prostate cancer;TM2D2
prostate cancer;PLEKHA2
prostate cancer;CLIC4
prostate cancer;DTWD2
prostate cancer;AGPAT2
prostate cancer;ASPSCR1
prostate cancer;DUS1L
prostate cancer;GPS1
prostate cancer;RFNG
prostate cancer;DCXR
prostate cancer;ZNF32
prostate cancer;PCDH7
prostate cancer;GUSB
prostate cancer;BRD3
prostate cancer;KLF13
prostate cancer;MAP3K2
prostate cancer;PUSL1
prostate cancer;SF3B5
prostate cancer;YWHAG
prostate cancer;TRAPPC1
prostate cancer;TMEM192
prostate cancer;ADPRM
prostate cancer;PDCD6IP
prostate cancer;FAXDC2
prostate cancer;ELP5
prostate cancer;STX8
prostate cancer;SMAD1
prostate cancer;GPRC5C
prostate cancer;KRT8
prostate cancer;MGMT
prostate cancer;DENND5B
prostate cancer;RALGAPB
prostate cancer;RNF34
prostate cancer;ATF7
prostate cancer;SOCS6
prostate cancer;HOXB9
prostate cancer;POLH
prostate cancer;KIF5B
prostate cancer;AKAP13
prostate cancer;FOXN2
prostate cancer;USP32
prostate cancer;GPR27
prostate cancer;KBTBD2
prostate cancer;LSM3
prostate cancer;RPS9
prostate cancer;NDUFA3
prostate cancer;PAQR8
prostate cancer;C11orf24
prostate cancer;MTM1
prostate cancer;FUT3
prostate cancer;ATP6V0E2
prostate cancer;PRKCE
prostate cancer;JAGN1
prostate cancer;TADA3
prostate cancer;SOCS5
prostate cancer;C9orf16
prostate cancer;TMEM126A
prostate cancer;SCAND1
prostate cancer;FAM98B
prostate cancer;CANT1
prostate cancer;ZDHHC16
prostate cancer;CHST11
prostate cancer;EXOSC1
prostate cancer;MRPL36
prostate cancer;ZNF524
prostate cancer;POLR1C
prostate cancer;ZNF562
prostate cancer;ZNF318
prostate cancer;TBCA
prostate cancer;MAP6
prostate cancer;BCL2L1
prostate cancer;SLC25A33
prostate cancer;BPTF
prostate cancer;TCEA2
prostate cancer;TMEM51
prostate cancer;CAMTA1
prostate cancer;RHNO1
prostate cancer;CTPS1
prostate cancer;PWWP2B
prostate cancer;FBXL14
prostate cancer;RPS21
prostate cancer;RPS7
prostate cancer;ATPAF2
prostate cancer;PPIH
prostate cancer;JMJD1C
prostate cancer;RAB33B
prostate cancer;THOP1
prostate cancer;ORMDL3
prostate cancer;EIF2AK3
prostate cancer;FRMD3
prostate cancer;ID4
prostate cancer;ZNF131
prostate cancer;DPAGT1
prostate cancer;BSG
prostate cancer;COPRS
prostate cancer;TP53RK
prostate cancer;POP7
prostate cancer;GNB2
prostate cancer;C2CD2L
prostate cancer;GNG12
prostate cancer;SYNPO2
prostate cancer;FGGY
prostate cancer;MANEA
prostate cancer;FIBP
prostate cancer;HCFC1
prostate cancer;CHCHD1
prostate cancer;MRPL52
prostate cancer;EFEMP2
prostate cancer;TMEM134
prostate cancer;CORO1B
prostate cancer;RPL38
prostate cancer;SP3
prostate cancer;ZNF621
prostate cancer;RNASEH2C
prostate cancer;FAM222B
prostate cancer;MRPL57
prostate cancer;ESRRA
prostate cancer;COMMD1
prostate cancer;MTX1
prostate cancer;GPR137
prostate cancer;MZT2A
prostate cancer;DAG1
prostate cancer;DAB1
prostate cancer;ARV1
prostate cancer;NAA20
prostate cancer;MINOS1
prostate cancer;PPP1R14B
prostate cancer;SSSCA1
prostate cancer;SMARCC1
prostate cancer;FKBP2
prostate cancer;VEGFB
prostate cancer;MOB1B
prostate cancer;SNX33
prostate cancer;CHD2
prostate cancer;CCDC106
prostate cancer;PC
prostate cancer;SLC19A1
prostate cancer;RCE1
prostate cancer;UQCRH
prostate cancer;STAT5B
prostate cancer;CNP
prostate cancer;JUP
prostate cancer;ZNF791
prostate cancer;HOXB2
prostate cancer;C1QTNF1
prostate cancer;SWSAP1
prostate cancer;SLCO4C1
prostate cancer;PIFO
prostate cancer;SLC25A30
prostate cancer;MSRB3
prostate cancer;LEMD3
prostate cancer;RGMB
prostate cancer;ZDHHC24
prostate cancer;PRPF8
prostate cancer;ZBTB4
prostate cancer;TNK1
prostate cancer;PHLDA3
prostate cancer;SLC16A11
prostate cancer;RALGAPA1
prostate cancer;RPL4
prostate cancer;DENND4A
prostate cancer;MRPL11
prostate cancer;GOLT1A
prostate cancer;SLCO2A1
prostate cancer;TMEM167A
prostate cancer;SH3PXD2B
prostate cancer;KIAA1551
prostate cancer;BRMS1
prostate cancer;HRAS
prostate cancer;SRP72
prostate cancer;DENND6A
prostate cancer;YIF1A
prostate cancer;NDUFA11
prostate cancer;PTDSS2
prostate cancer;C19orf70
prostate cancer;SEZ6L2
prostate cancer;DHX36
prostate cancer;KLC2
prostate cancer;CTBP2
prostate cancer;VCPIP1
prostate cancer;TRAF6
prostate cancer;MARCKSL1
prostate cancer;YPEL2
prostate cancer;ZNF408
prostate cancer;CTDSP2
prostate cancer;ARHGAP1
prostate cancer;MED16
prostate cancer;TP53I11
prostate cancer;BANF1
prostate cancer;TMEM9B
prostate cancer;CLTB
prostate cancer;LPL
prostate cancer;SART1
prostate cancer;PPP2R2D
prostate cancer;POLD4
prostate cancer;ALG10B
prostate cancer;DRAP1
prostate cancer;UCP2
prostate cancer;MRPL48
prostate cancer;RAB6A
prostate cancer;RPS6KB2
prostate cancer;KDF1
prostate cancer;MLXIP
prostate cancer;AURKAIP1
prostate cancer;TOMM5
prostate cancer;MSRA
prostate cancer;SWI5
prostate cancer;BAIAP2
prostate cancer;HOXD8
prostate cancer;UBE2O
prostate cancer;ORAI3
prostate cancer;B3GALT6
prostate cancer;NUPR1
prostate cancer;MBLAC2
prostate cancer;SSNA1
prostate cancer;CHMP6
prostate cancer;UFSP1
prostate cancer;TMEM39A
prostate cancer;BNIP3
prostate cancer;ZBTB8OS
prostate cancer;COX8A
prostate cancer;DNAJC30
prostate cancer;SPRYD4
prostate cancer;WDR25
prostate cancer;PLA2G16
prostate cancer;DIRAS1
prostate cancer;PHLDB3
prostate cancer;MEX3C
prostate cancer;FAM91A1
prostate cancer;GCNT4
prostate cancer;FAM89B
prostate cancer;SHMT1
prostate cancer;DPP7
prostate cancer;SEC24C
prostate cancer;SMCR8
prostate cancer;DEAF1
prostate cancer;MTX3
prostate cancer;ACER2
prostate cancer;RHOG
prostate cancer;EPS8L2
prostate cancer;ANO6
prostate cancer;RIMKLA
prostate cancer;PUS1
prostate cancer;CHD9
prostate cancer;ZBTB38
prostate cancer;TIMM22
prostate cancer;PPFIA3
prostate cancer;PAWR
prostate cancer;NR2C2
prostate cancer;SLC25A22
prostate cancer;RABEP2
prostate cancer;ATOX1
prostate cancer;RPLP2
prostate cancer;PNPLA2
prostate cancer;AGTRAP
prostate cancer;CRACR2B
prostate cancer;CD151
prostate cancer;POLR2L
prostate cancer;CHID1
prostate cancer;ZNF518A
prostate cancer;TMEM187
prostate cancer;ZNF619
prostate cancer;AP3S1
prostate cancer;ZBTB41
prostate cancer;UBE2N
prostate cancer;ZNF354C
prostate cancer;IMP3
prostate cancer;NDUFAF3
prostate cancer;STAP2
prostate cancer;NDUFV2
prostate cancer;ZNF518B
prostate cancer;LCORL
prostate cancer;KDELC2
prostate cancer;PLEC
prostate cancer;ZNF543
prostate cancer;TMEM11
prostate cancer;COX14
prostate cancer;P4HTM
prostate cancer;KLHL11
prostate cancer;CTXN1
prostate cancer;CTNNBIP1
prostate cancer;GTPBP6
prostate cancer;ERN1
prostate cancer;SUZ12
prostate cancer;NSUN3
prostate cancer;GRINA
prostate cancer;COX5A
prostate cancer;STX19
prostate cancer;FAM219B
prostate cancer;MPI
prostate cancer;TMEM52
prostate cancer;EXOSC4
prostate cancer;DPY19L3
prostate cancer;GAK
prostate cancer;EIF3K
prostate cancer;SNX18
prostate cancer;DPM3
prostate cancer;TMTC2
prostate cancer;SPTY2D1
prostate cancer;EDC3
prostate cancer;TMEM125
prostate cancer;CALR
prostate cancer;LDLRAD3
prostate cancer;GADD45GIP1
prostate cancer;MEIS3P1
prostate cancer;PTPN11
prostate cancer;GATA2
prostate cancer;VWA1
prostate cancer;KLHL28
prostate cancer;SHARPIN
prostate cancer;MAF1
prostate cancer;MYADM
prostate cancer;MROH1
prostate cancer;CITED4
prostate cancer;PDXDC1
prostate cancer;ZNF154
prostate cancer;BBS10
prostate cancer;FIZ1
prostate cancer;PUF60
prostate cancer;ZNF771
prostate cancer;PPP1R14BP3
prostate cancer;TMEM86B
prostate cancer;PRKRA
prostate cancer;FGD6
prostate cancer;ZNF609
prostate cancer;PAK2
prostate cancer;MCFD2
prostate cancer;NRIP1
prostate cancer;HIST1H2AC
prostate cancer;PCGF5
prostate cancer;ZDHHC20
prostate cancer;SSR4
prostate cancer;CUEDC1
prostate cancer;CMTR2
prostate cancer;FAM83H
prostate cancer;MRPL14
prostate cancer;PJA1
prostate cancer;DHTKD1
prostate cancer;POLR2A
prostate cancer;FRAT2
prostate cancer;TMEM102
prostate cancer;SYNE4
prostate cancer;ACBD4
prostate cancer;SETD2
prostate cancer;MRPS23
prostate cancer;GPR135
prostate cancer;HKR1
prostate cancer;YIPF6
prostate cancer;TMEM252
prostate cancer;LSM10
prostate cancer;RFX7
prostate cancer;CLDN7
prostate cancer;C5orf24
prostate cancer;ADO
prostate cancer;CCDC149
prostate cancer;MRPS11
prostate cancer;SNRPE
prostate cancer;TMEM30B
prostate cancer;DEXI
prostate cancer;NOP10
prostate cancer;ZNF708
prostate cancer;ERCC6L2
prostate cancer;MRPL41
prostate cancer;TP53TG1
prostate cancer;TSEN54
prostate cancer;MOB2
prostate cancer;HHIPL1
prostate cancer;UBE2E2
prostate cancer;SYNM
prostate cancer;FBXL6
prostate cancer;YBEY
prostate cancer;EXOC7
prostate cancer;FAM104B
prostate cancer;MFSD5
prostate cancer;ADI1
prostate cancer;RWDD4
prostate cancer;HOXB4
prostate cancer;PAQR7
prostate cancer;NGRN
prostate cancer;RPS17
prostate cancer;C1orf116
prostate cancer;CRIP2
prostate cancer;VMO1
prostate cancer;GLUD2
prostate cancer;RPL35A
prostate cancer;ZNF721
prostate cancer;GJC1
prostate cancer;MTA1
prostate cancer;PYCR1
prostate cancer;NAA38
prostate cancer;SLC25A10
prostate cancer;AFMID
prostate cancer;GAS6
prostate cancer;ARHGEF37
prostate cancer;RABIF
prostate cancer;SMDT1
prostate cancer;RUVBL2
prostate cancer;GDPGP1
prostate cancer;PRR36
prostate cancer;CCBE1
prostate cancer;BCOR
prostate cancer;KIAA2026
prostate cancer;CCDC159
prostate cancer;OR7E38P
prostate cancer;ASB7
prostate cancer;EP400
prostate cancer;FBXL7
prostate cancer;SFXN4
prostate cancer;FAM167B
prostate cancer;MRPL54
prostate cancer;NDUFB1
prostate cancer;ALYREF
prostate cancer;TBK1
prostate cancer;CBX6
prostate cancer;TBL3
prostate cancer;RBM12B
prostate cancer;NUDT14
prostate cancer;UTY
prostate cancer;COA3
prostate cancer;VPS33B
prostate cancer;UQCR10
prostate cancer;LRTOMT
prostate cancer;NR2C2AP
prostate cancer;CRELD2
prostate cancer;UBE2F
prostate cancer;PGP
prostate cancer;C22orf46
prostate cancer;TACSTD2
prostate cancer;PKP3
prostate cancer;PLA2G6
prostate cancer;THAP7
prostate cancer;TXNRD2
prostate cancer;FOXO4
prostate cancer;HDDC3
prostate cancer;XPOT
prostate cancer;MED12
prostate cancer;SEPT9
prostate cancer;AMER1
prostate cancer;HIST2H2BE
prostate cancer;APOBR
prostate cancer;SMIM10
prostate cancer;APOO
prostate cancer;ARMCX2
prostate cancer;H1FX
prostate cancer;RBM43
prostate cancer;IMMP2L
prostate cancer;PTRHD1
prostate cancer;MUC6
prostate cancer;NOC4L
prostate cancer;DGAT1
prostate cancer;AP3M1
prostate cancer;CIB1
prostate cancer;NELFA
prostate cancer;INTS5
prostate cancer;RPS27L
prostate cancer;C6orf120
prostate cancer;PURA
prostate cancer;INPP5J
prostate cancer;MFSD6L
prostate cancer;NOMO2
prostate cancer;SIGIRR
prostate cancer;UBALD2
prostate cancer;ARL15
prostate cancer;TCN2
prostate cancer;GAS2L1
prostate cancer;SP140L
prostate cancer;FAM174B
prostate cancer;TMEM179B
prostate cancer;BRCC3
prostate cancer;AHNAK2
prostate cancer;MRPL40
prostate cancer;P4HB
prostate cancer;PSMD13
prostate cancer;ANKFY1
prostate cancer;YTHDF3
prostate cancer;SLC52A2
prostate cancer;PIGP
prostate cancer;PCYT2
prostate cancer;ATP6V0C
prostate cancer;POMK
prostate cancer;KLHDC8B
prostate cancer;ZNF267
prostate cancer;BICD2
prostate cancer;TMLHE
prostate cancer;NDUFA13
prostate cancer;AIDA
prostate cancer;PIP5K1C
prostate cancer;BCL9L
prostate cancer;MARC1
prostate cancer;SOWAHB
prostate cancer;BLOC1S4
prostate cancer;PPP1CC
prostate cancer;KRT10
prostate cancer;KPNA4
prostate cancer;RPS23
prostate cancer;RGS7BP
prostate cancer;C5orf38
prostate cancer;TMEM222
prostate cancer;GPATCH8
prostate cancer;PRR5
prostate cancer;ZFP91
prostate cancer;LYRM7
prostate cancer;BCR
prostate cancer;HYAL3
prostate cancer;TPCN1
prostate cancer;HEXIM1
prostate cancer;ZDHHC17
prostate cancer;RPS19BP1
prostate cancer;C3orf70
prostate cancer;TEAD1
prostate cancer;MITF
prostate cancer;SESTD1
prostate cancer;FNBP1
prostate cancer;DYNC2H1
prostate cancer;BCAM
prostate cancer;TAF9B
prostate cancer;MAGI2
prostate cancer;KCNJ11
prostate cancer;SIRT7
prostate cancer;TET3
prostate cancer;EXD3
prostate cancer;DHRS4L2
prostate cancer;TCEA1
prostate cancer;SECISBP2
prostate cancer;EIF4EBP1
prostate cancer;FAM122A
prostate cancer;PALM3
prostate cancer;CYHR1
prostate cancer;RINL
prostate cancer;MORN2
prostate cancer;MEIS3P2
prostate cancer;UBQLN2
prostate cancer;MAPK12
prostate cancer;LAMTOR4
prostate cancer;TUBB4B
prostate cancer;COMMD6
prostate cancer;CHM
prostate cancer;IER5L
prostate cancer;SERPINA5
prostate cancer;C19orf54
prostate cancer;NBR1
prostate cancer;CLN3
prostate cancer;S100A16
prostate cancer;PTAR1
prostate cancer;UROS
prostate cancer;ZDHHC9
prostate cancer;ZNF548
prostate cancer;TMEM201
prostate cancer;RPL14
prostate cancer;FBF1
prostate cancer;LRRK2
prostate cancer;FAM120AOS
prostate cancer;C9orf152
prostate cancer;NOC2L
prostate cancer;ZNF292
prostate cancer;NDUFA4
prostate cancer;H1F0
prostate cancer;LITAF
prostate cancer;TMEM120A
prostate cancer;ARID2
prostate cancer;S100A13
prostate cancer;C15orf61
prostate cancer;LIN54
prostate cancer;FAM53B
prostate cancer;C8orf76
prostate cancer;PTPRT
prostate cancer;STK40
prostate cancer;SEMA4A
prostate cancer;MPHOSPH8
prostate cancer;ZNF107
prostate cancer;PPIA
prostate cancer;IARS
prostate cancer;ZBTB44
prostate cancer;CPNE4
prostate cancer;TRRAP
prostate cancer;FUT4
prostate cancer;ZNF140
prostate cancer;EPHB4
prostate cancer;PPP1R26
prostate cancer;YRDC
prostate cancer;SIAH1
prostate cancer;IPO4
prostate cancer;SULT1A1
prostate cancer;PRPF40A
prostate cancer;TCEAL3
prostate cancer;SLC6A9
prostate cancer;NACA
prostate cancer;MYO18A
prostate cancer;ZNF846
prostate cancer;RABL6
prostate cancer;ZNF136
prostate cancer;TRAPPC4
prostate cancer;TECPR2
prostate cancer;TOMM7
prostate cancer;ZNF431
prostate cancer;NF1
prostate cancer;VKORC1L1
prostate cancer;STRN3
prostate cancer;ZNF239
prostate cancer;ZSCAN16
prostate cancer;ZFP28
prostate cancer;KIAA1211L
prostate cancer;ARHGEF12
prostate cancer;HCAR1
prostate cancer;FLNA
prostate cancer;LAGE3
prostate cancer;WDR45
prostate cancer;ZNF429
prostate cancer;ZSCAN25
prostate cancer;ANXA6
prostate cancer;GMFB
prostate cancer;ZMYM1
prostate cancer;ARRDC1
prostate cancer;KIAA1671
prostate cancer;DYNC1H1
prostate cancer;PGAP1
prostate cancer;LRRC8B
prostate cancer;CH17-340M24.3
prostate cancer;CYSRT1
prostate cancer;SYNGAP1
prostate cancer;FITM2
prostate cancer;DDI2
prostate cancer;SVIL
prostate cancer;LRP10
prostate cancer;ZNF675
prostate cancer;SLC22A5
prostate cancer;IPP
prostate cancer;GSTK1
prostate cancer;MYO5A
prostate cancer;SIPA1L1
prostate cancer;HOXA4
prostate cancer;ENTPD6
prostate cancer;DPP4
prostate cancer;SPTAN1
prostate cancer;NMB
prostate cancer;PARVA
prostate cancer;KLHL14
prostate cancer;FAM114A1
prostate cancer;RPL37A
prostate cancer;MCMBP
prostate cancer;ATAD3A
prostate cancer;ZNF44
prostate cancer;GPAA1
prostate cancer;MYO1C
prostate cancer;ADH5
prostate cancer;TEAD4
prostate cancer;ZNF677
prostate cancer;ZNF347
prostate cancer;S100A6
prostate cancer;RPL12
prostate cancer;MPZL1
prostate cancer;VPS13A
prostate cancer;C1orf122
prostate cancer;NOL8
prostate cancer;MRPL42
prostate cancer;RPS4X
prostate cancer;CD2AP
prostate cancer;TMEM229B
prostate cancer;ZNF770
prostate cancer;MIER1
prostate cancer;MAN1A2
prostate cancer;DDRGK1
prostate cancer;SZT2
prostate cancer;ZXDA
prostate cancer;RPL23A
prostate cancer;UBL5
prostate cancer;HELZ
prostate cancer;SDAD1
prostate cancer;ZKSCAN8
prostate cancer;WWP2
prostate cancer;GFPT1
prostate cancer;ITSN2
prostate cancer;TCAF1
prostate cancer;ANKRD35
prostate cancer;ATL1
prostate cancer;PLN
prostate cancer;ZNF28
prostate cancer;ZNF511
prostate cancer;CTNND1
prostate cancer;BAZ1A
prostate cancer;COPS8
prostate cancer;KLHL9
prostate cancer;FAM3D
prostate cancer;CALM1
prostate cancer;TTC37
prostate cancer;FAN1
prostate cancer;EIF1AY
prostate cancer;MT-CO2
prostate cancer;GLMP
prostate cancer;ECI2
prostate cancer;MT-CYB
prostate cancer;LDB1
prostate cancer;CTR9
prostate cancer;MSRB1
prostate cancer;CDC42BPB
prostate cancer;RPL10A
prostate cancer;MT-ND2
prostate cancer;FAM169A
prostate cancer;MT-CO1
prostate cancer;PAX9
prostate cancer;FOXJ3
prostate cancer;ZNF358
prostate cancer;SFT2D1
prostate cancer;GJC2
prostate cancer;OPA1
prostate cancer;MT-ND3
prostate cancer;RUSC2
prostate cancer;FICD
prostate cancer;R3HDM4
prostate cancer;LTN1
prostate cancer;RUNDC1
prostate cancer;DCAF12
prostate cancer;MT-ND4
prostate cancer;SMC5
prostate cancer;MT-ND1
prostate cancer;SHISA4
prostate cancer;CIPC
prostate cancer;CAPZA2
prostate cancer;MT-ATP6
prostate cancer;MAP3K3
prostate cancer;RPL39
prostate cancer;APRT
prostate cancer;GPRASP1
prostate cancer;CCDC167
prostate cancer;MT-CO3
prostate cancer;DMD
prostate cancer;PJA2
prostate cancer;SGMS1
prostate cancer;COX20
prostate cancer;ZYG11A
prostate cancer;CHIC1
prostate cancer;GIGYF2
prostate cancer;RUFY2
prostate cancer;PHACTR4
prostate cancer;TIMM23B
prostate cancer;ZDHHC18
prostate cancer;BMPR2
prostate cancer;TCEA3
prostate cancer;PFDN6
prostate cancer;HSD17B8
prostate cancer;OXLD1
prostate cancer;RNF5
prostate cancer;ERICH2
prostate cancer;NELFE
prostate cancer;LSM2
prostate cancer;ABHD16A
prostate cancer;LY6G5C
prostate cancer;CSNK2B
prostate cancer;NFKBIL1
prostate cancer;ZNF814
prostate cancer;CCHCR1
prostate cancer;C6orf136
prostate cancer;DDR1
prostate cancer;ZNF468
prostate cancer;ZNF616
prostate cancer;TBC1D8
prostate cancer;AKT1S1
prostate cancer;TRIM27
prostate cancer;ZNF204P
prostate cancer;MRPL53
prostate cancer;UQCC3
prostate cancer;C12orf73
prostate cancer;TMEM240
prostate cancer;SDHAF1
prostate cancer;PSENEN
prostate cancer;PDE7A
prostate cancer;TMEM170B
prostate cancer;NT5M
prostate cancer;IPO7
prostate cancer;TMSB4X
prostate cancer;TMEM256
prostate cancer;HMGN1
prostate cancer;CDPF1
prostate cancer;ITSN1
prostate cancer;ITPRIPL2
prostate cancer;DENND1C
prostate cancer;C5orf51
prostate cancer;RPS3AP47
prostate cancer;ZNF316
prostate cancer;STK38L
prostate cancer;SACM1L
prostate cancer;SLC48A1
prostate cancer;RPL15P3
prostate cancer;RNF208
prostate cancer;MT-ND4L
prostate cancer;ZNF580
prostate cancer;ZNF611
prostate cancer;NUP62
prostate cancer;SCAF8
prostate cancer;CFAP45
prostate cancer;YWHAZP4
prostate cancer;KLHL23
prostate cancer;ANKRD39
prostate cancer;CHUK
prostate cancer;HAUS7
prostate cancer;RPL18AP3
prostate cancer;ARL2
prostate cancer;RBMXL1
prostate cancer;SRA1
prostate cancer;C8orf82
prostate cancer;NDUFS3
prostate cancer;LEPROT
prostate cancer;PPP1CB
prostate cancer;SLC35F6
prostate cancer;PIGCP1
prostate cancer;CLIC1
prostate cancer;DDAH2
prostate cancer;EMP2
prostate cancer;RPL21P75
prostate cancer;RPL13AP7
prostate cancer;NUDT19
prostate cancer;TAX1BP3
prostate cancer;AP1G2
prostate cancer;ZNF90
prostate cancer;MRPL23
prostate cancer;SMIM7
prostate cancer;LYRM4
prostate cancer;ALG3
prostate cancer;FIS1
prostate cancer;ANG
prostate cancer;MBLAC1
prostate cancer;STARD10
prostate cancer;ZSWIM8
prostate cancer;IFRD2
prostate cancer;ZSWIM7
prostate cancer;HOMEZ
prostate cancer;MYL5
prostate cancer;ZNF407
prostate cancer;NPEPL1
prostate cancer;TSTD1
prostate cancer;FNIP1
prostate cancer;ANKRD18EP
prostate cancer;MORF4L1P1
prostate cancer;ZNF579
prostate cancer;RPL21P28
prostate cancer;RPL21P119
prostate cancer;C6orf226
prostate cancer;NPTXR
prostate cancer;C19orf73
prostate cancer;FADS3
prostate cancer;UBA52
prostate cancer;TINCR
prostate cancer;RPS20P14
prostate cancer;EPB41L4A-AS1
prostate cancer;CPTP
prostate cancer;ATXN1L
prostate cancer;RPL23AP2
prostate cancer;PLEKHM1
prostate cancer;C2CD4D
prostate cancer;MTND2P28
prostate cancer;TRAM2-AS1
prostate cancer;RPL10AP6
prostate cancer;TMEM185B
prostate cancer;FTH1P20
prostate cancer;ERVMER34-1
prostate cancer;RPS28P7
prostate cancer;SCAMP4
prostate cancer;GEMIN8P4
prostate cancer;MT-ATP8
prostate cancer;RALY-AS1
prostate cancer;C19orf24
prostate cancer;ZNF883
prostate cancer;EEF1DP1
prostate cancer;UBAC2-AS1
prostate cancer;RPS13P2
prostate cancer;NPM1P25
prostate cancer;RPL4P4
prostate cancer;ZNF688
prostate cancer;PET100
prostate cancer;TCEA1P2
prostate cancer;RPS23P8
prostate cancer;RPS18
prostate cancer;LSM12P1
prostate cancer;ZBED9
prostate cancer;TMA7
prostate cancer;MCTS1
prostate cancer;EEF1B2P3
prostate cancer;LINC00665
prostate cancer;LYRM9
prostate cancer;RPS11P5
prostate cancer;SNHG15
prostate cancer;TMEM238
prostate cancer;RPS28
prostate cancer;RPL5P34
prostate cancer;PINLYP
prostate cancer;RPL13AP20
prostate cancer;MAPKAPK5-AS1
prostate cancer;TECRP1
prostate cancer;C12orf75
prostate cancer;SMIM1
prostate cancer;HGH1
prostate cancer;FAUP1
prostate cancer;LINC00957
prostate cancer;RPS2P7
prostate cancer;NUS1P1
prostate cancer;B3GALT4
prostate cancer;HSPB1P1
prostate cancer;RPL13AP5
prostate cancer;ZNF853
prostate cancer;RPL24P8
prostate cancer;B3GNT9
prostate cancer;CDKN2AIPNL
prostate cancer;FOXD2-AS1
prostate cancer;TXNDC5
prostate cancer;NME1
prostate cancer;TNFSF12
prostate cancer;C1orf226
prostate cancer;ADSL
prostate cancer;MTATP8P1
prostate cancer;ISY1
prostate cancer;TMEM189
prostate cancer;MIF
prostate cancer;RPL36A
prostate cancer;RPP21
prostate cancer;CD302
prostate cancer;ARPC4
prostate cancer;INMT
prostate cancer;C8orf58
prostate cancer;PI4KA
prostate cancer;MTFP1
prostate cancer;ARFGAP3
prostate cancer;C22orf39
prostate cancer;PEG10
prostate cancer;MRPL20
prostate cancer;ARPIN
prostate cancer;MICAL3
prostate cancer;STON1
prostate cancer;PRAF2
prostate cancer;EFNA4
prostate cancer;C4orf48
prostate cancer;IL10RB
prostate cancer;ZNF512
prostate cancer;ACY1
prostate cancer;TMEM199
prostate cancer;P2RY11
prostate cancer;TMEM141
prostate cancer;RBM12
prostate cancer;APOBEC3C
prostate cancer;CRNDE
prostate cancer;LINC01184
prostate cancer;H2AFJ
prostate cancer;TWF2
prostate cancer;BCKDHA
prostate cancer;ABHD14A
prostate cancer;MTATP6P1
prostate cancer;PDCD6
prostate cancer;TMEM158
prostate cancer;CHCHD10
prostate cancer;C8orf88
prostate cancer;HOXA10
prostate cancer;TMEM200B
prostate cancer;C1orf210
prostate cancer;TRNP1
prostate cancer;SLC10A5
prostate cancer;ALG11
prostate cancer;UTP14C
prostate cancer;AP5B1
prostate cancer;CHMP4A
prostate cancer;PABPC4L
prostate cancer;MPV17L2
prostate cancer;BCAS2P1
prostate cancer;AP000442.1
prostate cancer;SNHG9
prostate cancer;MTRNR2L8
prostate cancer;APOPT1
prostate cancer;HMBS
prostate cancer;ZNF253
prostate cancer;INAFM1
prostate cancer;CNPY2
prostate cancer;CUX1
prostate cancer;CHMP4BP1
prostate cancer;RNASE4
prostate cancer;INAFM2
prostate cancer;IQCH-AS1
prostate cancer;HOXB7
prostate cancer;PMF1-BGLAP
prostate cancer;SNHG19
prostate cancer;CCPG1
prostate cancer;TMEM178B
prostate cancer;ZNF865
prostate cancer;BOP1
prostate cancer;MRPL12
prostate cancer;GTF2I
prostate cancer;RPS7P1
prostate cancer;MSMB
prostate cancer;LINC00672
prostate cancer;SNRPGP2
prostate cancer;RNF115
prostate cancer;SEC22B
prostate cancer;NCOA4
prostate cancer;MRPS21
prostate cancer;FXYD1
prostate cancer;SMIM22
prostate cancer;LIN37
prostate cancer;NDUFA7
prostate cancer;SCGB1B2P
prostate cancer;FBXO17
prostate cancer;MAGIX
prostate cancer;ZNF587B
prostate cancer;EGLN2
prostate cancer;SNHG8
prostate cancer;NCBP2-AS2
prostate cancer;RASL10B
prostate cancer;LIX1L
prostate cancer;ANKRD34A
prostate cancer;GTF2H5
prostate cancer;FGF14-AS2
prostate cancer;CD24
prostate cancer;LINC01023
prostate cancer;C2orf15
prostate cancer;NOL12
prostate cancer;SYNRG
prostate cancer;NUDT18
prostate cancer;LENG9
prostate cancer;HNF1B
prostate cancer;SRCIN1
prostate cancer;MARCKS
prostate cancer;PSMB3
prostate cancer;CISD3
prostate cancer;GLIDR
prostate cancer;DHRS11
prostate cancer;C11orf98
prostate cancer;AC092066.1
prostate cancer;AC012065.1
prostate cancer;AC245100.1
prostate cancer;PAGR1
prostate cancer;LINC00294
prostate cancer;hsa-mir-100
prostate cancer;hsa-mir-101-1
prostate cancer;hsa-mir-101-2
prostate cancer;hsa-mir-10a
prostate cancer;hsa-mir-10b
prostate cancer;hsa-mir-1224
prostate cancer;hsa-mir-1251
prostate cancer;hsa-mir-125a
prostate cancer;hsa-mir-125b-1
prostate cancer;hsa-mir-125b-2
prostate cancer;hsa-mir-126
prostate cancer;hsa-mir-1266
prostate cancer;hsa-mir-127
prostate cancer;hsa-mir-1301
prostate cancer;hsa-mir-1306
prostate cancer;hsa-mir-1307
prostate cancer;hsa-mir-140
prostate cancer;hsa-mir-141
prostate cancer;hsa-mir-142
prostate cancer;hsa-mir-143
prostate cancer;hsa-mir-148b
prostate cancer;hsa-mir-149
prostate cancer;hsa-mir-151b
prostate cancer;hsa-mir-17
prostate cancer;hsa-mir-182
prostate cancer;hsa-mir-183
prostate cancer;hsa-mir-191
prostate cancer;hsa-mir-193b
prostate cancer;hsa-mir-196b
prostate cancer;hsa-mir-1976
prostate cancer;hsa-mir-199a-1
prostate cancer;hsa-mir-199a-2
prostate cancer;hsa-mir-199b
prostate cancer;hsa-mir-200a
prostate cancer;hsa-mir-200b
prostate cancer;hsa-mir-200c
prostate cancer;hsa-mir-204
prostate cancer;hsa-mir-205
prostate cancer;hsa-mir-206
prostate cancer;hsa-mir-210
prostate cancer;hsa-mir-2110
prostate cancer;hsa-mir-22
prostate cancer;hsa-mir-23a
prostate cancer;hsa-mir-23b
prostate cancer;hsa-mir-24-1
prostate cancer;hsa-mir-24-2
prostate cancer;hsa-mir-25
prostate cancer;hsa-mir-26a-1
prostate cancer;hsa-mir-26a-2
prostate cancer;hsa-mir-26b
prostate cancer;hsa-mir-27a
prostate cancer;hsa-mir-28
prostate cancer;hsa-mir-29b-1
prostate cancer;hsa-mir-29b-2
prostate cancer;hsa-mir-29c
prostate cancer;hsa-mir-30a
prostate cancer;hsa-mir-30b
prostate cancer;hsa-mir-30d
prostate cancer;hsa-mir-30e
prostate cancer;hsa-mir-31
prostate cancer;hsa-mir-32
prostate cancer;hsa-mir-320b-1
prostate cancer;hsa-mir-324
prostate cancer;hsa-mir-328
prostate cancer;hsa-mir-330
prostate cancer;hsa-mir-331
prostate cancer;hsa-mir-338
prostate cancer;hsa-mir-339
prostate cancer;hsa-mir-33b
prostate cancer;hsa-mir-345
prostate cancer;hsa-mir-34c
prostate cancer;hsa-mir-3605
prostate cancer;hsa-mir-3615
prostate cancer;hsa-mir-3622a
prostate cancer;hsa-mir-3677
prostate cancer;hsa-mir-369
prostate cancer;hsa-mir-370
prostate cancer;hsa-mir-374b
prostate cancer;hsa-mir-375
prostate cancer;hsa-mir-376b
prostate cancer;hsa-mir-378c
prostate cancer;hsa-mir-378d-1
prostate cancer;hsa-mir-378d-2
prostate cancer;hsa-mir-379
prostate cancer;hsa-mir-3928
prostate cancer;hsa-mir-3934
prostate cancer;hsa-mir-409
prostate cancer;hsa-mir-424
prostate cancer;hsa-mir-425
prostate cancer;hsa-mir-429
prostate cancer;hsa-mir-431
prostate cancer;hsa-mir-4484
prostate cancer;hsa-mir-455
prostate cancer;hsa-mir-4727
prostate cancer;hsa-mir-4728
prostate cancer;hsa-mir-4787
prostate cancer;hsa-mir-484
prostate cancer;hsa-mir-485
prostate cancer;hsa-mir-505
prostate cancer;hsa-mir-519a-1
prostate cancer;hsa-mir-532
prostate cancer;hsa-mir-539
prostate cancer;hsa-mir-582
prostate cancer;hsa-mir-598
prostate cancer;hsa-mir-628
prostate cancer;hsa-mir-652
prostate cancer;hsa-mir-6715b
prostate cancer;hsa-mir-6718
prostate cancer;hsa-mir-6843
prostate cancer;hsa-mir-7-1
prostate cancer;hsa-mir-744
prostate cancer;hsa-mir-760
prostate cancer;hsa-mir-766
prostate cancer;hsa-mir-887
prostate cancer;hsa-mir-889
prostate cancer;hsa-mir-92b
prostate cancer;hsa-mir-93
prostate cancer;hsa-mir-940
prostate cancer;hsa-mir-96
prostate cancer;hsa-mir-99a
prostate cancer;hsa-mir-99b
prostate cancer;hsa-let-7a-1
prostate cancer;hsa-let-7a-2
prostate cancer;hsa-let-7a-3
prostate cancer;hsa-let-7b
prostate cancer;hsa-let-7c
prostate cancer;hsa-let-7d
prostate cancer;hsa-let-7e
prostate cancer;hsa-let-7f-1
prostate cancer;hsa-let-7f-2
